#FORMAT=WebAnno TSV 3.3
#T_SP=custom.Span|label


#Text=Короче, это пересказ о Евгении Онегине, ну простыми словами.
1-1	5-12	Короче,	discourse\_marker	
1-2	13-16	это	_	
1-3	17-25	пересказ	_	
1-4	26-27	о	_	
1-5	28-35	Евгении	full\_name[1]	
1-6	36-44	Онегине,	full\_name[1]	
1-7	45-47	ну	discourse\_marker	
1-8	48-56	простыми	_	
1-9	57-65	словами.	_	

#Text=Значит у нас есть главный герой Жека, Женёк, он, короче, местный кутила, значит, умом не блещет, за всю жизнь он прочитал три книги, все его знания поверхностные, но он при этом как бы вот, ну, вот он вовремя это вставляет, и поэтому все такие, о, какой он умный обалдеть, вот, и он такой, типа, о, да, я умный, но он по факту ничего не знает, вот.
2-1	67-73	Значит	discourse\_marker	
2-2	74-75	у	_	
2-3	76-79	нас	_	
2-4	80-84	есть	_	
2-5	85-92	главный	_	
2-6	93-98	герой	_	
2-7	99-104	Жека,	short\_name	
2-8	105-111	Женёк,	short\_name	
2-9	112-115	он,	_	
2-10	116-123	короче,	discourse\_marker	
2-11	124-131	местный	_	
2-12	132-139	кутила,	slang	
2-13	140-147	значит,	discourse\_marker	
2-14	148-152	умом	_	
2-15	153-155	не	_	
2-16	156-163	блещет,	_	
2-17	164-166	за	_	
2-18	167-170	всю	_	
2-19	171-176	жизнь	_	
2-20	177-179	он	_	
2-21	180-188	прочитал	_	
2-22	189-192	три	_	
2-23	193-199	книги,	_	
2-24	200-203	все	_	
2-25	204-207	его	_	
2-26	208-214	знания	_	
2-27	215-229	поверхностные,	_	
2-28	230-232	но	_	
2-29	233-235	он	_	
2-30	236-239	при	_	
2-31	240-244	этом	_	
2-32	245-248	как	discourse\_marker[2]	
2-33	249-251	бы	discourse\_marker[2]	
2-34	252-256	вот,	discourse\_marker	
2-35	257-260	ну,	discourse\_marker	
2-36	261-264	вот	discourse\_marker	
2-37	265-267	он	_	
2-38	268-275	вовремя	_	
2-39	276-279	это	_	
2-40	280-290	вставляет,	_	
2-41	291-292	и	_	
2-42	293-300	поэтому	_	
2-43	301-304	все	syntax[3]	
2-44	305-311	такие,	syntax[3]	
2-45	312-314	о,	_	
2-46	315-320	какой	_	
2-47	321-323	он	_	
2-48	324-329	умный	_	
2-49	330-339	обалдеть,	slang	
2-50	340-344	вот,	discourse\_marker	
2-51	345-346	и	_	
2-52	347-349	он	syntax[4]	
2-53	350-356	такой,	syntax[4]	
2-54	357-362	типа,	discourse\_marker	
2-55	363-365	о,	_	
2-56	366-369	да,	_	
2-57	370-371	я	_	
2-58	372-378	умный,	_	
2-59	379-381	но	_	
2-60	382-384	он	_	
2-61	385-387	по	_	
2-62	388-393	факту	_	
2-63	394-400	ничего	_	
2-64	401-403	не	_	
2-65	404-410	знает,	_	
2-66	411-415	вот.	discourse\_marker	

#Text=Короче, его дядя приказал долго жить,  он там болеет, то и се.
3-1	417-424	Короче,	discourse\_marker	
3-2	425-428	его	quote[5]	
3-3	429-433	дядя	quote[5]	
3-4	434-442	приказал	quote[5]	
3-5	443-448	долго	quote[5]	
3-6	449-454	жить,	quote[5]	
3-7	456-458	он	_	
3-8	459-462	там	discourse\_marker	
3-9	463-470	болеет,	_	
3-10	471-473	то	syntax[6]	
3-11	474-475	и	syntax[6]	
3-12	476-479	се.	syntax[6]	

#Text=И ну как бы Жеке нашему полагается наследство.
4-1	481-482	И	_	
4-2	483-485	ну	discourse\_marker	
4-3	486-489	как	discourse\_marker[7]	
4-4	490-492	бы	discourse\_marker[7]	
4-5	493-497	Жеке	short\_name	
4-6	498-504	нашему	_	
4-7	505-515	полагается	_	
4-8	516-527	наследство.	_	

#Text=Но он получит награду, только если будет ухаживать за дядей.
5-1	529-531	Но	_	
5-2	532-534	он	_	
5-3	535-542	получит	_	
5-4	543-551	награду,	_	
5-5	552-558	только	_	
5-6	559-563	если	_	
5-7	564-569	будет	_	
5-8	570-579	ухаживать	_	
5-9	580-582	за	_	
5-10	583-589	дядей.	_	

#Text=И поэтому Онегин вместо того, чтобы продолжать кутить, приезжает в глухую деревню к своему дяде, чтобы за ним ухаживать.
6-1	591-592	И	_	
6-2	593-600	поэтому	_	
6-3	601-607	Онегин	_	
6-4	608-614	вместо	_	
6-5	615-620	того,	_	
6-6	621-626	чтобы	_	
6-7	627-637	продолжать	_	
6-8	638-645	кутить,	_	
6-9	646-655	приезжает	_	
6-10	656-657	в	_	
6-11	658-664	глухую	_	
6-12	665-672	деревню	_	
6-13	673-674	к	_	
6-14	675-681	своему	_	
6-15	682-687	дяде,	_	
6-16	688-693	чтобы	_	
6-17	694-696	за	_	
6-18	697-700	ним	_	
6-19	701-711	ухаживать.	_	

#Text=Ухаживает он достаточно активно, потому что если дяде что-то не понравится, то наследства он лишит нашего Женька.
7-1	713-722	Ухаживает	_	
7-2	723-725	он	_	
7-3	726-736	достаточно	_	
7-4	737-745	активно,	_	
7-5	746-752	потому	_	
7-6	753-756	что	_	
7-7	757-761	если	_	
7-8	762-766	дяде	_	
7-9	767-773	что-то	_	
7-10	774-776	не	_	
7-11	777-788	понравится,	_	
7-12	789-791	то	_	
7-13	792-802	наследства	_	
7-14	803-805	он	_	
7-15	806-811	лишит	_	
7-16	812-818	нашего	_	
7-17	819-826	Женька.	short\_name	

#Text=А наследство ему хочется, потому что он кутила, ему нужны деньги.
8-1	828-829	А	_	
8-2	830-840	наследство	_	
8-3	841-844	ему	_	
8-4	845-853	хочется,	_	
8-5	854-860	потому	_	
8-6	861-864	что	_	
8-7	865-867	он	_	
8-8	868-875	кутила,	slang	
8-9	876-879	ему	_	
8-10	880-885	нужны	_	
8-11	886-893	деньги.	_	

#Text=Значит, все, дядя окочурился.
9-1	895-902	Значит,	discourse\_marker	
9-2	903-907	все,	_	
9-3	908-912	дядя	_	
9-4	913-924	окочурился.	slang	

#Text=И Женьку достается наследство в поместье вот этого дяди, там крепостные, ну короче, все как полагается.
10-1	926-927	И	_	
10-2	928-934	Женьку	short\_name	
10-3	935-944	достается	_	
10-4	945-955	наследство	_	
10-5	956-957	в	_	
10-6	958-966	поместье	_	
10-7	967-970	вот	discourse\_marker	
10-8	971-976	этого	_	
10-9	977-982	дяди,	_	
10-10	983-986	там	discourse\_marker	
10-11	987-998	крепостные,	_	
10-12	999-1001	ну	discourse\_marker	
10-13	1002-1009	короче,	discourse\_marker	
10-14	1010-1013	все	_	
10-15	1014-1017	как	_	
10-16	1018-1029	полагается.	_	

#Text=Хорошее наследство ему досталось.
11-1	1031-1038	Хорошее	_	
11-2	1039-1049	наследство	_	
11-3	1050-1053	ему	_	
11-4	1054-1064	досталось.	_	

#Text=Все, что имел тут дядя.
12-1	1066-1070	Все,	_	
12-2	1071-1074	что	_	
12-3	1075-1079	имел	_	
12-4	1080-1083	тут	_	
12-5	1084-1089	дядя.	_	

#Text=И он начинает проводить реформы того времени.
13-1	1091-1092	И	_	
13-2	1093-1095	он	_	
13-3	1096-1104	начинает	_	
13-4	1105-1114	проводить	_	
13-5	1115-1122	реформы	_	
13-6	1123-1127	того	_	
13-7	1128-1136	времени.	_	

#Text=Там то ли барщину на оброк, то ли оброк на барщину.
14-1	1138-1141	Там	_	
14-2	1142-1144	то	_	
14-3	1145-1147	ли	_	
14-4	1148-1155	барщину	_	
14-5	1156-1158	на	_	
14-6	1159-1165	оброк,	_	
14-7	1166-1168	то	_	
14-8	1169-1171	ли	_	
14-9	1172-1177	оброк	_	
14-10	1178-1180	на	_	
14-11	1181-1189	барщину.	_	

#Text=Честно, я уже не помню, какая там разница, но он типа меняет с того, что, короче, лучше делает для крестьян.
15-1	1191-1198	Честно,	_	
15-2	1199-1200	я	_	
15-3	1201-1204	уже	_	
15-4	1205-1207	не	_	
15-5	1208-1214	помню,	_	
15-6	1215-1220	какая	_	
15-7	1221-1224	там	discourse\_marker	
15-8	1225-1233	разница,	_	
15-9	1234-1236	но	_	
15-10	1237-1239	он	_	
15-11	1240-1244	типа	discourse\_marker	
15-12	1245-1251	меняет	_	
15-13	1252-1253	с	_	
15-14	1254-1259	того,	_	
15-15	1260-1264	что,	_	
15-16	1265-1272	короче,	discourse\_marker	
15-17	1273-1278	лучше	_	
15-18	1279-1285	делает	_	
15-19	1286-1289	для	_	
15-20	1290-1299	крестьян.	_	

#Text=И все такие типа, а что это он делает?
16-1	1301-1302	И	_	
16-2	1303-1306	все	_	
16-3	1307-1312	такие	_	
16-4	1313-1318	типа,	discourse\_marker	
16-5	1319-1320	а	_	
16-6	1321-1324	что	_	
16-7	1325-1328	это	_	
16-8	1329-1331	он	_	
16-9	1332-1339	делает?	_	

#Text=Сейчас типа мои крестьяне насмотрятся на его крестьян и взбунтуются, а нафиг мне это надо.
17-1	1341-1347	Сейчас	_	
17-2	1348-1352	типа	discourse\_marker	
17-3	1353-1356	мои	_	
17-4	1357-1366	крестьяне	_	
17-5	1367-1378	насмотрятся	_	
17-6	1379-1381	на	_	
17-7	1382-1385	его	_	
17-8	1386-1394	крестьян	_	
17-9	1395-1396	и	_	
17-10	1397-1409	взбунтуются,	_	
17-11	1410-1411	а	_	
17-12	1412-1417	нафиг	slang	
17-13	1418-1421	мне	_	
17-14	1422-1425	это	_	
17-15	1426-1431	надо.	_	

#Text=Ну короче, типа, с подозрением относились к Жеке нашему, потому что приехал какой-то столичный  короче, приехал кто-то столичный, какие-то свои тут правила устанавливает, вот, ну и ещё короче, не по деревенским понятиям живет, вот.
18-1	1433-1435	Ну	_	
18-2	1436-1443	короче,	discourse\_marker	
18-3	1444-1449	типа,	discourse\_marker	
18-4	1450-1451	с	_	
18-5	1452-1463	подозрением	_	
18-6	1464-1474	относились	_	
18-7	1475-1476	к	_	
18-8	1477-1481	Жеке	short\_name	
18-9	1482-1489	нашему,	_	
18-10	1490-1496	потому	_	
18-11	1497-1500	что	_	
18-12	1501-1508	приехал	_	
18-13	1509-1517	какой-то	_	
18-14	1518-1527	столичный	_	
18-15	1529-1536	короче,	discourse\_marker	
18-16	1537-1544	приехал	_	
18-17	1545-1551	кто-то	_	
18-18	1552-1562	столичный,	_	
18-19	1563-1571	какие-то	_	
18-20	1572-1576	свои	_	
18-21	1577-1580	тут	_	
18-22	1581-1588	правила	_	
18-23	1589-1603	устанавливает,	_	
18-24	1604-1608	вот,	discourse\_marker	
18-25	1609-1611	ну	discourse\_marker	
18-26	1612-1613	и	_	
18-27	1614-1617	ещё	_	
18-28	1618-1625	короче,	discourse\_marker	
18-29	1626-1628	не	_	
18-30	1629-1631	по	_	
18-31	1632-1643	деревенским	_	
18-32	1644-1652	понятиям	_	
18-33	1653-1659	живет,	_	
18-34	1660-1664	вот.	discourse\_marker	

#Text=Ну и короче, никому это не нравится, вот.
19-1	1666-1668	Ну	_	
19-2	1669-1670	и	_	
19-3	1671-1678	короче,	discourse\_marker	
19-4	1679-1685	никому	_	
19-5	1686-1689	это	_	
19-6	1690-1692	не	_	
19-7	1693-1702	нравится,	_	
19-8	1703-1707	вот.	discourse\_marker	

#Text=И там он знаком... да, вот это наш Женек, это Онегин, вот в этой деревне он знакомится с другим чуваком, это с Вовкой этим, Ленским, а Вовка, он поэт, он молодой, у него максимализм вот этот вот, короче, вот это вот все и они подружились, потому что максималисты ну, такие вот вот, если типа...  Ну, короче, если Онегин просто типа из себя строит много чего, чему не соответствует, то Владимир Ленский, типа, он реально там заинтересован в искусстве, там, ну, то есть вот, ну, короче, если сравнивать их личность, то Владимир Ленский, типа, он как бы соответствует тому, что он, как бы, что он показывает в обществе, а Жека, он, я говорю, Жека - позер, вот, Жека - позер.
20-1	1709-1710	И	_	
20-2	1711-1714	там	discourse\_marker	
20-3	1715-1717	он	_	
20-4	1718-1727	знаком...	_	
20-5	1728-1731	да,	_	
20-6	1732-1735	вот	discourse\_marker	
20-7	1736-1739	это	_	
20-8	1740-1743	наш	_	
20-9	1744-1750	Женек,	short\_name	
20-10	1751-1754	это	_	
20-11	1755-1762	Онегин,	_	
20-12	1763-1766	вот	discourse\_marker	
20-13	1767-1768	в	_	
20-14	1769-1773	этой	_	
20-15	1774-1781	деревне	_	
20-16	1782-1784	он	_	
20-17	1785-1795	знакомится	_	
20-18	1796-1797	с	_	
20-19	1798-1804	другим	_	
20-20	1805-1813	чуваком,	slang	
20-21	1814-1817	это	_	
20-22	1818-1819	с	_	
20-23	1820-1826	Вовкой	short\_name	
20-24	1827-1832	этим,	_	
20-25	1833-1841	Ленским,	_	
20-26	1842-1843	а	_	
20-27	1844-1850	Вовка,	short\_name	
20-28	1851-1853	он	_	
20-29	1854-1859	поэт,	_	
20-30	1860-1862	он	_	
20-31	1863-1871	молодой,	_	
20-32	1872-1873	у	_	
20-33	1874-1878	него	_	
20-34	1879-1890	максимализм	_	
20-35	1891-1894	вот	discourse\_marker	
20-36	1895-1899	этот	_	
20-37	1900-1904	вот,	discourse\_marker	
20-38	1905-1912	короче,	discourse\_marker	
20-39	1913-1916	вот	discourse\_marker	
20-40	1917-1920	это	_	
20-41	1921-1924	вот	discourse\_marker	
20-42	1925-1928	все	_	
20-43	1929-1930	и	_	
20-44	1931-1934	они	_	
20-45	1935-1947	подружились,	_	
20-46	1948-1954	потому	_	
20-47	1955-1958	что	_	
20-48	1959-1971	максималисты	_	
20-49	1972-1975	ну,	discourse\_marker	
20-50	1976-1981	такие	_	
20-51	1982-1985	вот	discourse\_marker	
20-52	1986-1990	вот,	discourse\_marker	
20-53	1991-1995	если	_	
20-54	1996-2003	типа...	discourse\_marker	
20-55	2005-2008	Ну,	discourse\_marker	
20-56	2009-2016	короче,	discourse\_marker	
20-57	2017-2021	если	_	
20-58	2022-2028	Онегин	_	
20-59	2029-2035	просто	_	
20-60	2036-2040	типа	discourse\_marker	
20-61	2041-2043	из	_	
20-62	2044-2048	себя	_	
20-63	2049-2055	строит	_	
20-64	2056-2061	много	_	
20-65	2062-2067	чего,	_	
20-66	2068-2072	чему	_	
20-67	2073-2075	не	_	
20-68	2076-2090	соответствует,	_	
20-69	2091-2093	то	_	
20-70	2094-2102	Владимир	full\_name[8]	
20-71	2103-2111	Ленский,	full\_name[8]	
20-72	2112-2117	типа,	discourse\_marker	
20-73	2118-2120	он	_	
20-74	2121-2128	реально	_	
20-75	2129-2132	там	discourse\_marker	
20-76	2133-2146	заинтересован	_	
20-77	2147-2148	в	_	
20-78	2149-2159	искусстве,	_	
20-79	2160-2164	там,	discourse\_marker	
20-80	2165-2168	ну,	discourse\_marker	
20-81	2169-2171	то	_	
20-82	2172-2176	есть	_	
20-83	2177-2181	вот,	discourse\_marker	
20-84	2182-2185	ну,	discourse\_marker	
20-85	2186-2193	короче,	discourse\_marker	
20-86	2194-2198	если	_	
20-87	2199-2209	сравнивать	_	
20-88	2210-2212	их	_	
20-89	2213-2222	личность,	_	
20-90	2223-2225	то	_	
20-91	2226-2234	Владимир	full\_name[9]	
20-92	2235-2243	Ленский,	full\_name[9]	
20-93	2244-2249	типа,	discourse\_marker	
20-94	2250-2252	он	_	
20-95	2253-2256	как	discourse\_marker[10]	
20-96	2257-2259	бы	discourse\_marker[10]	
20-97	2260-2273	соответствует	_	
20-98	2274-2279	тому,	_	
20-99	2280-2283	что	_	
20-100	2284-2287	он,	_	
20-101	2288-2291	как	_	
20-102	2292-2295	бы,	_	
20-103	2296-2299	что	_	
20-104	2300-2302	он	_	
20-105	2303-2313	показывает	_	
20-106	2314-2315	в	_	
20-107	2316-2325	обществе,	_	
20-108	2326-2327	а	_	
20-109	2328-2333	Жека,	short\_name	
20-110	2334-2337	он,	_	
20-111	2338-2339	я	_	
20-112	2340-2347	говорю,	_	
20-113	2348-2352	Жека	short\_name	
20-114	2353-2354	-	_	
20-115	2355-2361	позер,	slang	
20-116	2362-2366	вот,	discourse\_marker	
20-117	2367-2371	Жека	short\_name	
20-118	2372-2373	-	_	
20-119	2374-2380	позер.	slang	

#Text=Вот, значит, и как-то раз Вовка такой, а пойдем к Лариным, типа, вот, там вот девчуля, которая мне нравится, мы там, типа, на свещении, там в детстве дружат, и вообще мы там уже сто лет в обед будем как обвенчаны.
21-1	2382-2386	Вот,	discourse\_marker	
21-2	2387-2394	значит,	discourse\_marker	
21-3	2395-2396	и	_	
21-4	2397-2403	как-то	_	
21-5	2404-2407	раз	_	
21-6	2408-2413	Вовка	short\_name	
21-7	2414-2420	такой,	_	
21-8	2421-2422	а	_	
21-9	2423-2429	пойдем	_	
21-10	2430-2431	к	_	
21-11	2432-2440	Лариным,	_	
21-12	2441-2446	типа,	discourse\_marker	
21-13	2447-2451	вот,	discourse\_marker	
21-14	2452-2455	там	discourse\_marker	
21-15	2456-2459	вот	discourse\_marker	
21-16	2460-2468	девчуля,	slang	
21-17	2469-2476	которая	_	
21-18	2477-2480	мне	_	
21-19	2481-2490	нравится,	_	
21-20	2491-2493	мы	_	
21-21	2494-2498	там,	discourse\_marker	
21-22	2499-2504	типа,	discourse\_marker	
21-23	2505-2507	на	_	
21-24	2508-2517	свещении,	_	
21-25	2518-2521	там	discourse\_marker	
21-26	2522-2523	в	_	
21-27	2524-2531	детстве	_	
21-28	2532-2539	дружат,	_	
21-29	2540-2541	и	_	
21-30	2542-2548	вообще	_	
21-31	2549-2551	мы	_	
21-32	2552-2555	там	discourse\_marker	
21-33	2556-2559	уже	_	
21-34	2560-2563	сто	interesting[11]	
21-35	2564-2567	лет	interesting[11]	
21-36	2568-2569	в	interesting[11]	
21-37	2570-2574	обед	interesting[11]	
21-38	2575-2580	будем	_	
21-39	2581-2584	как	_	
21-40	2585-2595	обвенчаны.	_	

#Text=Ой, не обвенчаны, а помолвлены, типа с младшей, с Ольгой, я ее люблю не могу, просто вот хоть сейчас почки вырву, отдам ей и почки, сердце, и все что угодно, что она попросит.
22-1	2597-2600	Ой,	_	
22-2	2601-2603	не	_	
22-3	2604-2614	обвенчаны,	_	
22-4	2615-2616	а	_	
22-5	2617-2628	помолвлены,	_	
22-6	2629-2633	типа	discourse\_marker	
22-7	2634-2635	с	_	
22-8	2636-2644	младшей,	_	
22-9	2645-2646	с	_	
22-10	2647-2654	Ольгой,	_	
22-11	2655-2656	я	_	
22-12	2657-2659	ее	_	
22-13	2660-2665	люблю	_	
22-14	2666-2668	не	_	
22-15	2669-2674	могу,	_	
22-16	2675-2681	просто	_	
22-17	2682-2685	вот	discourse\_marker	
22-18	2686-2690	хоть	_	
22-19	2691-2697	сейчас	_	
22-20	2698-2703	почки	_	
22-21	2704-2710	вырву,	_	
22-22	2711-2716	отдам	_	
22-23	2717-2719	ей	_	
22-24	2720-2721	и	_	
22-25	2722-2728	почки,	_	
22-26	2729-2736	сердце,	_	
22-27	2737-2738	и	_	
22-28	2739-2742	все	_	
22-29	2743-2746	что	_	
22-30	2747-2754	угодно,	_	
22-31	2755-2758	что	_	
22-32	2759-2762	она	_	
22-33	2763-2772	попросит.	_	

#Text=Вот.
23-1	2774-2778	Вот.	_	

#Text=Значит и Жека такой, ну поехали.
24-1	2780-2786	Значит	discourse\_marker	
24-2	2787-2788	и	_	
24-3	2789-2793	Жека	short\_name	
24-4	2794-2800	такой,	_	
24-5	2801-2803	ну	discourse\_marker	
24-6	2804-2812	поехали.	_	

#Text=Они приезжают к Лариным.
25-1	2814-2817	Они	_	
25-2	2818-2827	приезжают	_	
25-3	2828-2829	к	_	
25-4	2830-2838	Лариным.	_	

#Text=Значит, это типа, вот там как раз появляются типа, чета Лариных, их старшая дочка Татьяна, которая такая, типа замухрыжка.
26-1	2840-2847	Значит,	discourse\_marker	
26-2	2848-2851	это	_	
26-3	2852-2857	типа,	discourse\_marker	
26-4	2858-2861	вот	discourse\_marker	
26-5	2862-2865	там	discourse\_marker	
26-6	2866-2869	как	_	
26-7	2870-2873	раз	_	
26-8	2874-2884	появляются	_	
26-9	2885-2890	типа,	discourse\_marker	
26-10	2891-2895	чета	_	
26-11	2896-2904	Лариных,	_	
26-12	2905-2907	их	_	
26-13	2908-2915	старшая	_	
26-14	2916-2921	дочка	_	
26-15	2922-2930	Татьяна,	_	
26-16	2931-2938	которая	_	
26-17	2939-2945	такая,	_	
26-18	2946-2950	типа	discourse\_marker	
26-19	2951-2962	замухрыжка.	slang	

#Text=Она типа, она норм Но у нее типа..  Ну, типа обычные черты типа лица.
27-1	2964-2967	Она	_	
27-2	2968-2973	типа,	discourse\_marker	
27-3	2974-2977	она	_	
27-4	2978-2982	норм	_	
27-5	2983-2985	Но	_	
27-6	2986-2987	у	_	
27-7	2988-2991	нее	_	
27-8	2992-2998	типа..	discourse\_marker	
27-9	3000-3003	Ну,	discourse\_marker	
27-10	3004-3008	типа	discourse\_marker	
27-11	3009-3016	обычные	_	
27-12	3017-3022	черты	_	
27-13	3023-3027	типа	discourse\_marker	
27-14	3028-3033	лица.	_	

#Text=Ну, и вообще, в принципе, внешность, темные волосы, темные глаза, вот это все, вот, ну, то есть она просто, ну, обычная.
28-1	3035-3038	Ну,	discourse\_marker	
28-2	3039-3040	и	_	
28-3	3041-3048	вообще,	_	
28-4	3049-3050	в	_	
28-5	3051-3060	принципе,	_	
28-6	3061-3071	внешность,	_	
28-7	3072-3078	темные	_	
28-8	3079-3086	волосы,	_	
28-9	3087-3093	темные	_	
28-10	3094-3100	глаза,	_	
28-11	3101-3104	вот	discourse\_marker	
28-12	3105-3108	это	_	
28-13	3109-3113	все,	_	
28-14	3114-3118	вот,	discourse\_marker	
28-15	3119-3122	ну,	discourse\_marker	
28-16	3123-3125	то	_	
28-17	3126-3130	есть	_	
28-18	3131-3134	она	_	
28-19	3135-3142	просто,	_	
28-20	3143-3146	ну,	discourse\_marker	
28-21	3147-3155	обычная.	_	

#Text=А ее младшая сестра, она типа.. Она блондинка, с голубыми глазами.
29-1	3157-3158	А	_	
29-2	3159-3161	ее	_	
29-3	3162-3169	младшая	_	
29-4	3170-3177	сестра,	_	
29-5	3178-3181	она	_	
29-6	3182-3188	типа..	discourse\_marker	
29-7	3189-3192	Она	_	
29-8	3193-3203	блондинка,	_	
29-9	3204-3205	с	_	
29-10	3206-3214	голубыми	_	
29-11	3215-3223	глазами.	_	

#Text=Короче, прям идеал красоты и там все от нее просто штабелями падают.
30-1	3225-3232	Короче,	discourse\_marker	
30-2	3233-3237	прям	_	
30-3	3238-3243	идеал	_	
30-4	3244-3251	красоты	_	
30-5	3252-3253	и	_	
30-6	3254-3257	там	discourse\_marker	
30-7	3258-3261	все	_	
30-8	3262-3264	от	_	
30-9	3265-3268	нее	_	
30-10	3269-3275	просто	_	
30-11	3276-3285	штабелями	interesting[12]	
30-12	3286-3293	падают.	interesting[12]	

#Text=Короче, местная красотка.
31-1	3295-3302	Короче,	discourse\_marker	
31-2	3303-3310	местная	_	
31-3	3311-3320	красотка.	_	

#Text=А Танюха у нас просто обычная.
32-1	3322-3323	А	_	
32-2	3324-3330	Танюха	short\_name	
32-3	3331-3332	у	_	
32-4	3333-3336	нас	_	
32-5	3337-3343	просто	_	
32-6	3344-3352	обычная.	_	

#Text=И поэтому Танюху все игнорят.
33-1	3354-3355	И	_	
33-2	3356-3363	поэтому	_	
33-3	3364-3370	Танюху	short\_name	
33-4	3371-3374	все	_	
33-5	3375-3383	игнорят.	slang	

#Text=А вот, ну, я говорю, а перед Олей все штабелями падают.
34-1	3385-3386	А	_	
34-2	3387-3391	вот,	discourse\_marker	
34-3	3392-3395	ну,	discourse\_marker	
34-4	3396-3397	я	_	
34-5	3398-3405	говорю,	_	
34-6	3406-3407	а	_	
34-7	3408-3413	перед	_	
34-8	3414-3418	Олей	short\_name	
34-9	3419-3422	все	_	
34-10	3423-3432	штабелями	interesting[13]	
34-11	3433-3440	падают.	interesting[13]	

#Text=Вот, значит и.. вот, и там Танюха увидела Онегина, и такая, ааах, какой он красивый, какой он нетакуся, Боже мой, боже мой.
35-1	3442-3446	Вот,	discourse\_marker	
35-2	3447-3453	значит	discourse\_marker	
35-3	3454-3457	и..	_	
35-4	3458-3462	вот,	discourse\_marker	
35-5	3463-3464	и	_	
35-6	3465-3468	там	discourse\_marker	
35-7	3469-3475	Танюха	short\_name	
35-8	3476-3483	увидела	_	
35-9	3484-3492	Онегина,	_	
35-10	3493-3494	и	_	
35-11	3495-3501	такая,	_	
35-12	3502-3507	ааах,	_	
35-13	3508-3513	какой	_	
35-14	3514-3516	он	_	
35-15	3517-3526	красивый,	_	
35-16	3527-3532	какой	_	
35-17	3533-3535	он	_	
35-18	3536-3545	нетакуся,	slang	
35-19	3546-3550	Боже	_	
35-20	3551-3555	мой,	_	
35-21	3556-3560	боже	_	
35-22	3561-3565	мой.	_	

#Text=Я влюбилась.
36-1	3567-3568	Я	_	
36-2	3569-3579	влюбилась.	_	

#Text=Это именины Татьяны.
37-1	3581-3584	Это	_	
37-2	3585-3592	именины	_	
37-3	3593-3601	Татьяны.	_	

#Text=Жека, зная, что его другу нравится Ольга, решает по приколу пригласить ее на танец, и Ленский еще вспыльчивый, поэтому он такой, ты вот так вот мне нож в спину.
38-1	3603-3608	Жека,	short\_name	
38-2	3609-3614	зная,	_	
38-3	3615-3618	что	_	
38-4	3619-3622	его	_	
38-5	3623-3628	другу	_	
38-6	3629-3637	нравится	_	
38-7	3638-3644	Ольга,	_	
38-8	3645-3651	решает	_	
38-9	3652-3654	по	_	
38-10	3655-3662	приколу	_	
38-11	3663-3673	пригласить	_	
38-12	3674-3676	ее	_	
38-13	3677-3679	на	_	
38-14	3680-3686	танец,	_	
38-15	3687-3688	и	_	
38-16	3689-3696	Ленский	_	
38-17	3697-3700	еще	_	
38-18	3701-3713	вспыльчивый,	_	
38-19	3714-3721	поэтому	_	
38-20	3722-3724	он	syntax[14]	
38-21	3725-3731	такой,	syntax[14]	
38-22	3732-3734	ты	_	
38-23	3735-3738	вот	discourse\_marker	
38-24	3739-3742	так	_	
38-25	3743-3746	вот	discourse\_marker	
38-26	3747-3750	мне	_	
38-27	3751-3754	нож	_	
38-28	3755-3756	в	_	
38-29	3757-3763	спину.	_	

#Text=Да какой ты после этого друг!
39-1	3765-3767	Да	_	
39-2	3768-3773	какой	_	
39-3	3774-3776	ты	_	
39-4	3777-3782	после	_	
39-5	3783-3788	этого	_	
39-6	3789-3794	друг!	_	

#Text=Вот.. Значит, Онегин, он как звук из тиктока "Где ты тут бро увидел?
40-1	3796-3801	Вот..	discourse\_marker	
40-2	3802-3809	Значит,	discourse\_marker	
40-3	3810-3817	Онегин,	_	
40-4	3818-3820	он	_	
40-5	3821-3824	как	_	
40-6	3825-3829	звук	_	
40-7	3830-3832	из	_	
40-8	3833-3840	тиктока	_	
40-9	3841-3845	"Где	interesting[15]	
40-10	3846-3848	ты	interesting[15]	
40-11	3849-3852	тут	interesting[15]	
40-12	3853-3856	бро	interesting[15]	
40-13	3857-3864	увидел?	interesting[15]	

#Text=Да мне чебурек дороже, чем ты".
41-1	3866-3868	Да	interesting[16]	
41-2	3869-3872	мне	interesting[16]	
41-3	3873-3880	чебурек	interesting[16]	
41-4	3881-3888	дороже,	interesting[16]	
41-5	3889-3892	чем	interesting[16]	
41-6	3893-3897	ты".	interesting[16]	

#Text=Нет, ну ладно, там немножко не так, но  он такой типа вот ничего такого не было, вообще не парься, что ты вообще бесишься.
42-1	3899-3903	Нет,	_	
42-2	3904-3906	ну	discourse\_marker	
42-3	3907-3913	ладно,	_	
42-4	3914-3917	там	discourse\_marker	
42-5	3918-3926	немножко	_	
42-6	3927-3929	не	_	
42-7	3930-3934	так,	_	
42-8	3935-3937	но	_	
42-9	3939-3941	он	_	
42-10	3942-3947	такой	_	
42-11	3948-3952	типа	discourse\_marker	
42-12	3953-3956	вот	discourse\_marker	
42-13	3957-3963	ничего	_	
42-14	3964-3970	такого	_	
42-15	3971-3973	не	_	
42-16	3974-3979	было,	_	
42-17	3980-3986	вообще	_	
42-18	3987-3989	не	_	
42-19	3990-3997	парься,	slang	
42-20	3998-4001	что	_	
42-21	4002-4004	ты	_	
42-22	4005-4011	вообще	_	
42-23	4012-4021	бесишься.	_	

#Text=И Ленский такой, нет, вы меня оскорбили, вот это все тыры-пыры, дыры-дыры, я вызываю вас на дуэль, вот типа.
43-1	4023-4024	И	_	
43-2	4025-4032	Ленский	_	
43-3	4033-4039	такой,	_	
43-4	4040-4044	нет,	_	
43-5	4045-4047	вы	_	
43-6	4048-4052	меня	_	
43-7	4053-4063	оскорбили,	_	
43-8	4064-4067	вот	discourse\_marker	
43-9	4068-4071	это	_	
43-10	4072-4075	все	_	
43-11	4076-4086	тыры-пыры,	interesting[17]	
43-12	4087-4097	дыры-дыры,	interesting[17]	
43-13	4098-4099	я	_	
43-14	4100-4107	вызываю	_	
43-15	4108-4111	вас	_	
43-16	4112-4114	на	_	
43-17	4115-4121	дуэль,	_	
43-18	4122-4125	вот	discourse\_marker	
43-19	4126-4131	типа.	discourse\_marker	

#Text=А от дуэли отказываться позорно, поэтому Онегин такой ну лааааадно.
44-1	4133-4134	А	_	
44-2	4135-4137	от	_	
44-3	4138-4143	дуэли	_	
44-4	4144-4156	отказываться	_	
44-5	4157-4165	позорно,	_	
44-6	4166-4173	поэтому	_	
44-7	4174-4180	Онегин	_	
44-8	4181-4186	такой	_	
44-9	4187-4189	ну	discourse\_marker	
44-10	4190-4200	лааааадно.	slang	

#Text=Они потом собираются на дуэль, и Онегин специально там, он там специально как бы и.. он и опоздал на несколько часов на эту дуэль, он и себе в этот, блин, слово вылетело из головы.
45-1	4202-4205	Они	_	
45-2	4206-4211	потом	_	
45-3	4212-4222	собираются	_	
45-4	4223-4225	на	_	
45-5	4226-4232	дуэль,	_	
45-6	4233-4234	и	_	
45-7	4235-4241	Онегин	_	
45-8	4242-4252	специально	_	
45-9	4253-4257	там,	discourse\_marker	
45-10	4258-4260	он	_	
45-11	4261-4264	там	discourse\_marker	
45-12	4265-4275	специально	_	
45-13	4276-4279	как	discourse\_marker[18]	
45-14	4280-4282	бы	discourse\_marker[18]	
45-15	4283-4286	и..	_	
45-16	4287-4289	он	_	
45-17	4290-4291	и	_	
45-18	4292-4299	опоздал	_	
45-19	4300-4302	на	_	
45-20	4303-4312	несколько	_	
45-21	4313-4318	часов	_	
45-22	4319-4321	на	_	
45-23	4322-4325	эту	_	
45-24	4326-4332	дуэль,	_	
45-25	4333-4335	он	_	
45-26	4336-4337	и	_	
45-27	4338-4342	себе	_	
45-28	4343-4344	в	_	
45-29	4345-4350	этот,	_	
45-30	4351-4356	блин,	discourse\_marker	
45-31	4357-4362	слово	_	
45-32	4363-4371	вылетело	_	
45-33	4372-4374	из	_	
45-34	4375-4382	головы.	_	

#Text=В секунданты он взял себе своего крестьянина, чтобы показать максимально что типа он не хочет этого, типа сказать первым, что он не хочет драться, ну типа не хочет биться с Ленским, он не может, потому что он гордый, да, а Владимир Ленский считает что его типа, ну Владимир Ленский тоже гордый, вот он считает что его оскорбили и оскорбили серьезно, и поэтому он такой типа но-но-но, будем драться, вот, вот.
46-1	4384-4385	В	_	
46-2	4386-4396	секунданты	_	
46-3	4397-4399	он	_	
46-4	4400-4404	взял	_	
46-5	4405-4409	себе	_	
46-6	4410-4416	своего	_	
46-7	4417-4429	крестьянина,	_	
46-8	4430-4435	чтобы	_	
46-9	4436-4444	показать	_	
46-10	4445-4456	максимально	_	
46-11	4457-4460	что	_	
46-12	4461-4465	типа	discourse\_marker	
46-13	4466-4468	он	_	
46-14	4469-4471	не	_	
46-15	4472-4477	хочет	_	
46-16	4478-4484	этого,	_	
46-17	4485-4489	типа	discourse\_marker	
46-18	4490-4497	сказать	_	
46-19	4498-4505	первым,	_	
46-20	4506-4509	что	_	
46-21	4510-4512	он	_	
46-22	4513-4515	не	_	
46-23	4516-4521	хочет	_	
46-24	4522-4530	драться,	_	
46-25	4531-4533	ну	discourse\_marker	
46-26	4534-4538	типа	discourse\_marker	
46-27	4539-4541	не	_	
46-28	4542-4547	хочет	_	
46-29	4548-4554	биться	_	
46-30	4555-4556	с	_	
46-31	4557-4565	Ленским,	_	
46-32	4566-4568	он	_	
46-33	4569-4571	не	_	
46-34	4572-4578	может,	_	
46-35	4579-4585	потому	_	
46-36	4586-4589	что	_	
46-37	4590-4592	он	_	
46-38	4593-4600	гордый,	_	
46-39	4601-4604	да,	_	
46-40	4605-4606	а	_	
46-41	4607-4615	Владимир	_	
46-42	4616-4623	Ленский	_	
46-43	4624-4631	считает	_	
46-44	4632-4635	что	_	
46-45	4636-4639	его	_	
46-46	4640-4645	типа,	discourse\_marker	
46-47	4646-4648	ну	discourse\_marker	
46-48	4649-4657	Владимир	_	
46-49	4658-4665	Ленский	_	
46-50	4666-4670	тоже	_	
46-51	4671-4678	гордый,	_	
46-52	4679-4682	вот	discourse\_marker	
46-53	4683-4685	он	_	
46-54	4686-4693	считает	_	
46-55	4694-4697	что	_	
46-56	4698-4701	его	_	
46-57	4702-4711	оскорбили	_	
46-58	4712-4713	и	_	
46-59	4714-4723	оскорбили	_	
46-60	4724-4733	серьезно,	_	
46-61	4734-4735	и	_	
46-62	4736-4743	поэтому	_	
46-63	4744-4746	он	_	
46-64	4747-4752	такой	_	
46-65	4753-4757	типа	discourse\_marker	
46-66	4758-4767	но-но-но,	interesting	
46-67	4768-4773	будем	_	
46-68	4774-4782	драться,	_	
46-69	4783-4787	вот,	discourse\_marker	
46-70	4788-4792	вот.	discourse\_marker	

#Text=Нам Вовку застрелили, вот, значит и потом  Жека не ожидал вообще таких делов, у него не было таких планов.
47-1	4794-4797	Нам	_	
47-2	4798-4803	Вовку	short\_name	
47-3	4804-4815	застрелили,	_	
47-4	4816-4820	вот,	discourse\_marker	
47-5	4821-4827	значит	discourse\_marker	
47-6	4828-4829	и	_	
47-7	4830-4835	потом	_	
47-8	4837-4841	Жека	short\_name	
47-9	4842-4844	не	syntax[19]	
47-10	4845-4851	ожидал	syntax[19]	
47-11	4852-4858	вообще	syntax[19]	
47-12	4859-4864	таких	syntax[19]	
47-13	4865-4871	делов,	syntax[19]	
47-14	4872-4873	у	_	
47-15	4874-4878	него	_	
47-16	4879-4881	не	_	
47-17	4882-4886	было	_	
47-18	4887-4892	таких	_	
47-19	4893-4900	планов.	_	

#Text=И поэтому он короче уезжает.
48-1	4902-4903	И	_	
48-2	4904-4911	поэтому	_	
48-3	4912-4914	он	_	
48-4	4915-4921	короче	discourse\_marker	
48-5	4922-4930	уезжает.	_	

#Text=И в итоге там Вовку похоронили в какой-то роще, под березой, что-то вот такое там было, или под ёлкой.
49-1	4932-4933	И	_	
49-2	4934-4935	в	_	
49-3	4936-4941	итоге	_	
49-4	4942-4945	там	discourse\_marker	
49-5	4946-4951	Вовку	short\_name	
49-6	4952-4962	похоронили	_	
49-7	4963-4964	в	_	
49-8	4965-4973	какой-то	_	
49-9	4974-4979	роще,	_	
49-10	4980-4983	под	_	
49-11	4984-4992	березой,	_	
49-12	4993-4999	что-то	_	
49-13	5000-5003	вот	discourse\_marker	
49-14	5004-5009	такое	_	
49-15	5010-5013	там	discourse\_marker	
49-16	5014-5019	было,	_	
49-17	5020-5023	или	_	
49-18	5024-5027	под	_	
49-19	5028-5034	ёлкой.	_	

#Text=В каком-то успокоенном месте его похоронили.
50-1	5036-5037	В	_	
50-2	5038-5046	каком-то	_	
50-3	5047-5058	успокоенном	_	
50-4	5059-5064	месте	_	
50-5	5065-5068	его	_	
50-6	5069-5080	похоронили.	_	

#Text=Сначала к нему приходили Танюха с Олей.
51-1	5082-5089	Сначала	_	
51-2	5090-5091	к	_	
51-3	5092-5096	нему	_	
51-4	5097-5106	приходили	_	
51-5	5107-5113	Танюха	short\_name	
51-6	5114-5115	с	_	
51-7	5116-5121	Олей.	short\_name	

#Text=А потом Оля недолго грустила, она вышла за какого -то...  чувака типа из конной гвардии, что-то такое, ну короче вот да, через полгода, что, короче, недолго она грустила, значит, уехала вот с каким-то чуваком вот, какого-то низкого звания, типа чуть ли не рядового в каком-то полку, вот ну и короче к нему ходила на могилу только Танюха, ну потому что типа они были друзьяшками, и она типа, ну короче, он ей был как брат, а да, я же не рассказала, извини, пропустила.
52-1	5123-5124	А	_	
52-2	5125-5130	потом	_	
52-3	5131-5134	Оля	short\_name	
52-4	5135-5142	недолго	_	
52-5	5143-5152	грустила,	_	
52-6	5153-5156	она	_	
52-7	5157-5162	вышла	_	
52-8	5163-5165	за	_	
52-9	5166-5172	какого	_	
52-10	5173-5179	-то...	_	
52-11	5181-5187	чувака	slang	
52-12	5188-5192	типа	discourse\_marker	
52-13	5193-5195	из	_	
52-14	5196-5202	конной	_	
52-15	5203-5211	гвардии,	_	
52-16	5212-5218	что-то	_	
52-17	5219-5225	такое,	_	
52-18	5226-5228	ну	discourse\_marker	
52-19	5229-5235	короче	discourse\_marker	
52-20	5236-5239	вот	discourse\_marker	
52-21	5240-5243	да,	_	
52-22	5244-5249	через	_	
52-23	5250-5258	полгода,	_	
52-24	5259-5263	что,	_	
52-25	5264-5271	короче,	discourse\_marker	
52-26	5272-5279	недолго	_	
52-27	5280-5283	она	_	
52-28	5284-5293	грустила,	_	
52-29	5294-5301	значит,	discourse\_marker	
52-30	5302-5308	уехала	_	
52-31	5309-5312	вот	discourse\_marker	
52-32	5313-5314	с	_	
52-33	5315-5323	каким-то	_	
52-34	5324-5331	чуваком	slang	
52-35	5332-5336	вот,	discourse\_marker	
52-36	5337-5346	какого-то	_	
52-37	5347-5354	низкого	_	
52-38	5355-5362	звания,	_	
52-39	5363-5367	типа	discourse\_marker	
52-40	5368-5372	чуть	_	
52-41	5373-5375	ли	_	
52-42	5376-5378	не	_	
52-43	5379-5387	рядового	_	
52-44	5388-5389	в	_	
52-45	5390-5398	каком-то	_	
52-46	5399-5405	полку,	_	
52-47	5406-5409	вот	discourse\_marker	
52-48	5410-5412	ну	discourse\_marker	
52-49	5413-5414	и	_	
52-50	5415-5421	короче	discourse\_marker	
52-51	5422-5423	к	_	
52-52	5424-5428	нему	_	
52-53	5429-5435	ходила	_	
52-54	5436-5438	на	_	
52-55	5439-5445	могилу	_	
52-56	5446-5452	только	_	
52-57	5453-5460	Танюха,	short\_name	
52-58	5461-5463	ну	discourse\_marker	
52-59	5464-5470	потому	_	
52-60	5471-5474	что	_	
52-61	5475-5479	типа	discourse\_marker	
52-62	5480-5483	они	_	
52-63	5484-5488	были	_	
52-64	5489-5501	друзьяшками,	slang	
52-65	5502-5503	и	_	
52-66	5504-5507	она	_	
52-67	5508-5513	типа,	discourse\_marker	
52-68	5514-5516	ну	discourse\_marker	
52-69	5517-5524	короче,	discourse\_marker	
52-70	5525-5527	он	_	
52-71	5528-5530	ей	_	
52-72	5531-5534	был	_	
52-73	5535-5538	как	_	
52-74	5539-5544	брат,	_	
52-75	5545-5546	а	_	
52-76	5547-5550	да,	_	
52-77	5551-5552	я	_	
52-78	5553-5555	же	_	
52-79	5556-5558	не	_	
52-80	5559-5570	рассказала,	_	
52-81	5571-5578	извини,	_	
52-82	5579-5590	пропустила.	_	

#Text=Танюха говорит Жеке, что она, типа, передает ему письмо, где она говорит, что типа вот, я вас люблю  и он читает, и они потом встречаются в саду, и он такой сорри, Танюха, но я тебя люблю только как сестру и вообще вы это, лучше такое не пишите, потому что это типа я вот такой понимающий, а вот кто-нибудь другой может вас не понять, и высмеять вас, и ваши типа нежные девичьи чувства будут типа задеты, поэтому типа ну короче больше так не делайте.
53-1	5592-5598	Танюха	short\_name	
53-2	5599-5606	говорит	_	
53-3	5607-5612	Жеке,	short\_name	
53-4	5613-5616	что	_	
53-5	5617-5621	она,	_	
53-6	5622-5627	типа,	discourse\_marker	
53-7	5628-5636	передает	_	
53-8	5637-5640	ему	_	
53-9	5641-5648	письмо,	_	
53-10	5649-5652	где	_	
53-11	5653-5656	она	_	
53-12	5657-5665	говорит,	_	
53-13	5666-5669	что	_	
53-14	5670-5674	типа	discourse\_marker	
53-15	5675-5679	вот,	discourse\_marker	
53-16	5680-5681	я	_	
53-17	5682-5685	вас	_	
53-18	5686-5691	люблю	_	
53-19	5693-5694	и	_	
53-20	5695-5697	он	_	
53-21	5698-5705	читает,	_	
53-22	5706-5707	и	_	
53-23	5708-5711	они	_	
53-24	5712-5717	потом	_	
53-25	5718-5729	встречаются	_	
53-26	5730-5731	в	_	
53-27	5732-5737	саду,	_	
53-28	5738-5739	и	_	
53-29	5740-5742	он	_	
53-30	5743-5748	такой	_	
53-31	5749-5755	сорри,	slang	
53-32	5756-5763	Танюха,	short\_name	
53-33	5764-5766	но	_	
53-34	5767-5768	я	_	
53-35	5769-5773	тебя	_	
53-36	5774-5779	люблю	_	
53-37	5780-5786	только	_	
53-38	5787-5790	как	_	
53-39	5791-5797	сестру	_	
53-40	5798-5799	и	_	
53-41	5800-5806	вообще	_	
53-42	5807-5809	вы	_	
53-43	5810-5814	это,	_	
53-44	5815-5820	лучше	_	
53-45	5821-5826	такое	_	
53-46	5827-5829	не	_	
53-47	5830-5837	пишите,	_	
53-48	5838-5844	потому	_	
53-49	5845-5848	что	_	
53-50	5849-5852	это	_	
53-51	5853-5857	типа	discourse\_marker	
53-52	5858-5859	я	_	
53-53	5860-5863	вот	discourse\_marker	
53-54	5864-5869	такой	_	
53-55	5870-5881	понимающий,	_	
53-56	5882-5883	а	_	
53-57	5884-5887	вот	discourse\_marker	
53-58	5888-5898	кто-нибудь	_	
53-59	5899-5905	другой	_	
53-60	5906-5911	может	_	
53-61	5912-5915	вас	_	
53-62	5916-5918	не	_	
53-63	5919-5926	понять,	_	
53-64	5927-5928	и	_	
53-65	5929-5937	высмеять	_	
53-66	5938-5942	вас,	_	
53-67	5943-5944	и	_	
53-68	5945-5949	ваши	_	
53-69	5950-5954	типа	discourse\_marker	
53-70	5955-5961	нежные	_	
53-71	5962-5969	девичьи	_	
53-72	5970-5977	чувства	_	
53-73	5978-5983	будут	_	
53-74	5984-5988	типа	discourse\_marker	
53-75	5989-5996	задеты,	_	
53-76	5997-6004	поэтому	_	
53-77	6005-6009	типа	discourse\_marker	
53-78	6010-6012	ну	discourse\_marker	
53-79	6013-6019	короче	discourse\_marker	
53-80	6020-6026	больше	_	
53-81	6027-6030	так	_	
53-82	6031-6033	не	_	
53-83	6034-6042	делайте.	_	

#Text=Она расстроилась, ну короче дальше вот эта вот дуэль вот, да дальше Танюха и всё.
54-1	6044-6047	Она	_	
54-2	6048-6061	расстроилась,	_	
54-3	6062-6064	ну	discourse\_marker	
54-4	6065-6071	короче	discourse\_marker	
54-5	6072-6078	дальше	_	
54-6	6079-6082	вот	discourse\_marker	
54-7	6083-6086	эта	_	
54-8	6087-6090	вот	discourse\_marker	
54-9	6091-6096	дуэль	_	
54-10	6097-6101	вот,	discourse\_marker	
54-11	6102-6104	да	_	
54-12	6105-6111	дальше	_	
54-13	6112-6118	Танюха	short\_name	
54-14	6119-6120	и	_	
54-15	6121-6125	всё.	_	

#Text=Ну и дальше там типа Танюху везут в Москву на смотр невест, потому что ну типа, ну её младшая сестра уже вышла замуж, а у неё уже типа ну всё уже там..  если бы у неё ещё был подходящий для брака возраст, ну для замужества возраст, ну короче уже было ей пора, ну надо.
55-1	6127-6129	Ну	_	
55-2	6130-6131	и	_	
55-3	6132-6138	дальше	_	
55-4	6139-6142	там	discourse\_marker	
55-5	6143-6147	типа	discourse\_marker	
55-6	6148-6154	Танюху	short\_name	
55-7	6155-6160	везут	_	
55-8	6161-6162	в	_	
55-9	6163-6169	Москву	_	
55-10	6170-6172	на	_	
55-11	6173-6178	смотр	_	
55-12	6179-6186	невест,	_	
55-13	6187-6193	потому	_	
55-14	6194-6197	что	_	
55-15	6198-6200	ну	discourse\_marker	
55-16	6201-6206	типа,	discourse\_marker	
55-17	6207-6209	ну	discourse\_marker	
55-18	6210-6212	её	_	
55-19	6213-6220	младшая	_	
55-20	6221-6227	сестра	_	
55-21	6228-6231	уже	_	
55-22	6232-6237	вышла	_	
55-23	6238-6244	замуж,	_	
55-24	6245-6246	а	_	
55-25	6247-6248	у	_	
55-26	6249-6252	неё	_	
55-27	6253-6256	уже	_	
55-28	6257-6261	типа	discourse\_marker	
55-29	6262-6264	ну	discourse\_marker	
55-30	6265-6268	всё	_	
55-31	6269-6272	уже	_	
55-32	6273-6278	там..	_	
55-33	6280-6284	если	_	
55-34	6285-6287	бы	_	
55-35	6288-6289	у	_	
55-36	6290-6293	неё	_	
55-37	6294-6297	ещё	_	
55-38	6298-6301	был	_	
55-39	6302-6312	подходящий	_	
55-40	6313-6316	для	_	
55-41	6317-6322	брака	_	
55-42	6323-6331	возраст,	_	
55-43	6332-6334	ну	discourse\_marker	
55-44	6335-6338	для	_	
55-45	6339-6349	замужества	_	
55-46	6350-6358	возраст,	_	
55-47	6359-6361	ну	discourse\_marker	
55-48	6362-6368	короче	discourse\_marker	
55-49	6369-6372	уже	_	
55-50	6373-6377	было	_	
55-51	6378-6380	ей	_	
55-52	6381-6386	пора,	_	
55-53	6387-6389	ну	discourse\_marker	
55-54	6390-6395	надо.	_	

#Text=Кошмар какой.
56-1	6397-6403	Кошмар	_	
56-2	6404-6410	какой.	_	

#Text=Дальше там рассказывается про то, как события переносятся на какое-то время, когда Онегин путешествовал, потому что его грызла совесть за то, что он застрелил типа друга.
57-1	6412-6418	Дальше	_	
57-2	6419-6422	там	discourse\_marker	
57-3	6423-6437	рассказывается	_	
57-4	6438-6441	про	_	
57-5	6442-6445	то,	_	
57-6	6446-6449	как	_	
57-7	6450-6457	события	_	
57-8	6458-6469	переносятся	_	
57-9	6470-6472	на	_	
57-10	6473-6481	какое-то	_	
57-11	6482-6488	время,	_	
57-12	6489-6494	когда	_	
57-13	6495-6501	Онегин	_	
57-14	6502-6516	путешествовал,	_	
57-15	6517-6523	потому	_	
57-16	6524-6527	что	_	
57-17	6528-6531	его	_	
57-18	6532-6538	грызла	_	
57-19	6539-6546	совесть	_	
57-20	6547-6549	за	_	
57-21	6550-6553	то,	_	
57-22	6554-6557	что	_	
57-23	6558-6560	он	_	
57-24	6561-6570	застрелил	_	
57-25	6571-6575	типа	discourse\_marker	
57-26	6576-6582	друга.	_	

#Text=После этого он такой, он возвращается в Москву, там значит приходит на бал..  Извини, меня прервали.
58-1	6584-6589	После	_	
58-2	6590-6595	этого	_	
58-3	6596-6598	он	syntax[20]	
58-4	6599-6605	такой,	syntax[20]	
58-5	6606-6608	он	_	
58-6	6609-6621	возвращается	_	
58-7	6622-6623	в	_	
58-8	6624-6631	Москву,	_	
58-9	6632-6635	там	discourse\_marker	
58-10	6636-6642	значит	discourse\_marker	
58-11	6643-6651	приходит	_	
58-12	6652-6654	на	_	
58-13	6655-6660	бал..	_	
58-14	6662-6669	Извини,	_	
58-15	6670-6674	меня	_	
58-16	6675-6684	прервали.	_	

#Text=Вот, короче, приезжает Онегин на бал. Ну, он в Москву возвращается, приходит на бал. Там встречает своего старого знакомого.
59-1	6686-6690	Вот,	discourse\_marker	
59-2	6691-6698	короче,	discourse\_marker	
59-3	6699-6708	приезжает	_	
59-4	6709-6715	Онегин	_	
59-5	6716-6718	на	_	
59-6	6719-6723	бал.	_	
59-7	6724-6727	Ну,	discourse\_marker	
59-8	6728-6730	он	_	
59-9	6731-6732	в	_	
59-10	6733-6739	Москву	_	
59-11	6740-6753	возвращается,	_	
59-12	6754-6762	приходит	_	
59-13	6763-6765	на	_	
59-14	6766-6770	бал.	_	
59-15	6771-6774	Там	_	
59-16	6775-6784	встречает	_	
59-17	6785-6791	своего	_	
59-18	6792-6799	старого	_	
59-19	6800-6810	знакомого.	_	

#Text=Он там, князь, генерал, ну, короче, высокий, ну, типа, высокий по статусу чел. Да.
60-1	6812-6814	Он	_	
60-2	6815-6819	там,	discourse\_marker	
60-3	6820-6826	князь,	_	
60-4	6827-6835	генерал,	_	
60-5	6836-6839	ну,	discourse\_marker	
60-6	6840-6847	короче,	discourse\_marker	
60-7	6848-6856	высокий,	_	
60-8	6857-6860	ну,	discourse\_marker	
60-9	6861-6866	типа,	discourse\_marker	
60-10	6867-6874	высокий	_	
60-11	6875-6877	по	_	
60-12	6878-6885	статусу	_	
60-13	6886-6890	чел.	slang	
60-14	6891-6894	Да.	_	

#Text=Значит, он такой, типа, вот, прикинь, я влюбился вообще прям. Ну, капец, крышу мне снесло.
61-1	6896-6903	Значит,	discourse\_marker	
61-2	6904-6906	он	syntax[21]	
61-3	6907-6913	такой,	syntax[21]	
61-4	6914-6919	типа,	discourse\_marker	
61-5	6920-6924	вот,	discourse\_marker	
61-6	6925-6933	прикинь,	slang	
61-7	6934-6935	я	_	
61-8	6936-6944	влюбился	_	
61-9	6945-6951	вообще	syntax[22]	
61-10	6952-6957	прям.	syntax[22]	
61-11	6958-6961	Ну,	discourse\_marker	
61-12	6962-6968	капец,	slang	
61-13	6969-6974	крышу	slang[23]	
61-14	6975-6978	мне	slang[23]	
61-15	6979-6986	снесло.	slang[23]	

#Text=Такая она вообще красивая, такая она вообще обалденная.
62-1	6988-6993	Такая	_	
62-2	6994-6997	она	_	
62-3	6998-7004	вообще	_	
62-4	7005-7014	красивая,	_	
62-5	7015-7020	такая	_	
62-6	7021-7024	она	_	
62-7	7025-7031	вообще	_	
62-8	7032-7043	обалденная.	slang	

#Text=Очень ее люблю.
63-1	7045-7050	Очень	_	
63-2	7051-7053	ее	_	
63-3	7054-7060	люблю.	_	

#Text=И Жека такой, ну, покажи же, что за красавица такая.
64-1	7062-7063	И	_	
64-2	7064-7068	Жека	syntax[24]|short\_name[25]	
64-3	7069-7075	такой,	syntax[24]	
64-4	7076-7079	ну,	discourse\_marker	
64-5	7080-7086	покажи	_	
64-6	7087-7090	же,	_	
64-7	7091-7094	что	_	
64-8	7095-7097	за	_	
64-9	7098-7107	красавица	_	
64-10	7108-7114	такая.	_	

#Text=Вот, типа, все.
65-1	7116-7120	Вот,	discourse\_marker	
65-2	7121-7126	типа,	discourse\_marker	
65-3	7127-7131	все.	_	

#Text=Вот, а там Танюха.
66-1	7133-7137	Вот,	discourse\_marker	
66-2	7138-7139	а	_	
66-3	7140-7143	там	discourse\_marker	
66-4	7144-7151	Танюха.	short\_name	

#Text=Она уже такая, типа, светская эта, звезда местная, потому что, ну, короче, она там влилась в общество.
67-1	7153-7156	Она	_	
67-2	7157-7160	уже	_	
67-3	7161-7167	такая,	_	
67-4	7168-7173	типа,	discourse\_marker	
67-5	7174-7182	светская	_	
67-6	7183-7187	эта,	_	
67-7	7188-7194	звезда	_	
67-8	7195-7203	местная,	_	
67-9	7204-7210	потому	_	
67-10	7211-7215	что,	_	
67-11	7216-7219	ну,	discourse\_marker	
67-12	7220-7227	короче,	discourse\_marker	
67-13	7228-7231	она	_	
67-14	7232-7235	там	discourse\_marker	
67-15	7236-7243	влилась	_	
67-16	7244-7245	в	_	
67-17	7246-7255	общество.	_	

#Text=Ну, типа, все, больше не невинная девочка.
68-1	7257-7260	Ну,	discourse\_marker	
68-2	7261-7266	типа,	discourse\_marker	
68-3	7267-7271	все,	_	
68-4	7272-7278	больше	_	
68-5	7279-7281	не	_	
68-6	7282-7290	невинная	_	
68-7	7291-7299	девочка.	_	

#Text=Вот, и все.
69-1	7301-7305	Вот,	discourse\_marker	
69-2	7306-7307	и	_	
69-3	7308-7312	все.	_	

#Text=Вот и она там крутая шишка, вот.
70-1	7314-7317	Вот	_	
70-2	7318-7319	и	_	
70-3	7320-7323	она	_	
70-4	7324-7327	там	discourse\_marker	
70-5	7328-7334	крутая	_	
70-6	7335-7341	шишка,	_	
70-7	7342-7346	вот.	discourse\_marker	

#Text=И теперь, так как она не замухрышка, ну типа все её там и достоинства раскрылись, вот и Жека такой, обалдеть, так она оказывается крутая, а я ее отшил, значит, и вот потом тоже ей пишет письмо.
71-1	7348-7349	И	_	
71-2	7350-7357	теперь,	_	
71-3	7358-7361	так	_	
71-4	7362-7365	как	_	
71-5	7366-7369	она	_	
71-6	7370-7372	не	_	
71-7	7373-7384	замухрышка,	slang	
71-8	7385-7387	ну	discourse\_marker	
71-9	7388-7392	типа	discourse\_marker	
71-10	7393-7396	все	_	
71-11	7397-7399	её	_	
71-12	7400-7403	там	discourse\_marker	
71-13	7404-7405	и	_	
71-14	7406-7417	достоинства	_	
71-15	7418-7429	раскрылись,	_	
71-16	7430-7433	вот	discourse\_marker	
71-17	7434-7435	и	_	
71-18	7436-7440	Жека	short\_name	
71-19	7441-7447	такой,	_	
71-20	7448-7457	обалдеть,	slang	
71-21	7458-7461	так	_	
71-22	7462-7465	она	_	
71-23	7466-7477	оказывается	_	
71-24	7478-7485	крутая,	_	
71-25	7486-7487	а	_	
71-26	7488-7489	я	_	
71-27	7490-7492	ее	_	
71-28	7493-7499	отшил,	slang	
71-29	7500-7507	значит,	discourse\_marker	
71-30	7508-7509	и	_	
71-31	7510-7513	вот	discourse\_marker	
71-32	7514-7519	потом	_	
71-33	7520-7524	тоже	_	
71-34	7525-7527	ей	_	
71-35	7528-7533	пишет	_	
71-36	7534-7541	письмо.	_	

#Text=И такой, я вас люблю, она его игнорит.
72-1	7543-7544	И	_	
72-2	7545-7551	такой,	_	
72-3	7552-7553	я	_	
72-4	7554-7557	вас	_	
72-5	7558-7564	люблю,	_	
72-6	7565-7568	она	_	
72-7	7569-7572	его	_	
72-8	7573-7581	игнорит.	slang	

#Text=Он приезжает в итоге к ней, так и не дождавшись ответа, по-моему, и она в итоге его отшивает, и говорит, что типа я другому отдана, и буду век ему верна, вот.
73-1	7583-7585	Он	_	
73-2	7586-7595	приезжает	_	
73-3	7596-7597	в	_	
73-4	7598-7603	итоге	_	
73-5	7604-7605	к	_	
73-6	7606-7610	ней,	_	
73-7	7611-7614	так	_	
73-8	7615-7616	и	_	
73-9	7617-7619	не	_	
73-10	7620-7630	дождавшись	_	
73-11	7631-7638	ответа,	_	
73-12	7639-7648	по-моему,	_	
73-13	7649-7650	и	_	
73-14	7651-7654	она	_	
73-15	7655-7656	в	_	
73-16	7657-7662	итоге	_	
73-17	7663-7666	его	_	
73-18	7667-7676	отшивает,	_	
73-19	7677-7678	и	_	
73-20	7679-7687	говорит,	_	
73-21	7688-7691	что	_	
73-22	7692-7696	типа	discourse\_marker	
73-23	7697-7698	я	quote[26]	
73-24	7699-7706	другому	quote[26]	
73-25	7707-7714	отдана,	quote[26]	
73-26	7715-7716	и	quote[26]	
73-27	7717-7721	буду	quote[26]	
73-28	7722-7725	век	quote[26]	
73-29	7726-7729	ему	quote[26]	
73-30	7730-7736	верна,	quote[26]	
73-31	7737-7741	вот.	discourse\_marker	

#Text=Ещё заканчивается тем, что приезжает муж. И всё.
74-1	7743-7746	Ещё	_	
74-2	7747-7760	заканчивается	_	
74-3	7761-7765	тем,	_	
74-4	7766-7769	что	_	
74-5	7770-7779	приезжает	_	
74-6	7780-7784	муж.	_	
74-7	7785-7786	И	_	
74-8	7787-7791	всё.	_	

#Text=Вроде так было.
75-1	7793-7798	Вроде	_	
75-2	7799-7802	так	_	
75-3	7803-7808	было.	_	
