#FORMAT=WebAnno TSV 3.3
#T_SP=custom.Span|label


#Text=Я постараюсь нормально пересказать, потому что все-таки читала давно, поэтому какие-то вещи подзабылись.
1-1	0-1	Я	_	
1-2	2-12	постараюсь	_	
1-3	13-22	нормально	_	
1-4	23-35	пересказать,	_	
1-5	36-42	потому	_	
1-6	43-46	что	_	
1-7	47-55	все-таки	_	
1-8	56-62	читала	_	
1-9	63-69	давно,	_	
1-10	70-77	поэтому	_	
1-11	78-86	какие-то	_	
1-12	87-91	вещи	_	
1-13	92-104	подзабылись.	_	

#Text=Вот.
2-1	106-110	Вот.	discourse\_marker	

#Text=Итак, с чего бы начать?
3-1	112-117	Итак,	_	
3-2	118-119	с	_	
3-3	120-124	чего	_	
3-4	125-127	бы	_	
3-5	128-135	начать?	_	

#Text=Ну вот у нас Александр Сергеевич Пушкин, который в этом романе в стихах является одним из действующих героев.
4-1	137-139	Ну	_	
4-2	140-143	вот	discourse\_marker	
4-3	144-145	у	_	
4-4	146-149	нас	_	
4-5	150-159	Александр	full\_name[1]	
4-6	160-169	Сергеевич	full\_name[1]	
4-7	170-177	Пушкин,	full\_name[1]	
4-8	178-185	который	_	
4-9	186-187	в	_	
4-10	188-192	этом	_	
4-11	193-199	романе	_	
4-12	200-201	в	_	
4-13	202-208	стихах	_	
4-14	209-217	является	_	
4-15	218-223	одним	_	
4-16	224-226	из	_	
4-17	227-238	действующих	_	
4-18	239-246	героев.	_	

#Text=Ну как, он не то, чтобы прям участвует, но он как бы периодически в свои комментарии вставляет.
5-1	248-250	Ну	_	
5-2	251-255	как,	_	
5-3	256-258	он	_	
5-4	259-261	не	_	
5-5	262-265	то,	_	
5-6	266-271	чтобы	_	
5-7	272-276	прям	_	
5-8	277-287	участвует,	_	
5-9	288-290	но	_	
5-10	291-293	он	_	
5-11	294-297	как	discourse\_marker[2]	
5-12	298-300	бы	discourse\_marker[2]	
5-13	301-313	периодически	_	
5-14	314-315	в	_	
5-15	316-320	свои	_	
5-16	321-332	комментарии	_	
5-17	333-343	вставляет.	_	

#Text=Вот.
6-1	345-349	Вот.	discourse\_marker	

#Text=Рассказывает нам про Женька.
7-1	351-363	Рассказывает	_	
7-2	364-367	нам	_	
7-3	368-371	про	_	
7-4	372-379	Женька.	short\_name	

#Text=Вот.
8-1	381-385	Вот.	discourse\_marker	

#Text=Женек – это его друг.
9-1	387-392	Женек	short\_name	
9-2	393-394	–	_	
9-3	395-398	это	_	
9-4	399-402	его	_	
9-5	403-408	друг.	_	

#Text=Евгений Онегин воспитывался, как все дворянины.
10-1	410-417	Евгений	full\_name[3]	
10-2	418-424	Онегин	full\_name[3]	
10-3	425-438	воспитывался,	_	
10-4	439-442	как	_	
10-5	443-446	все	_	
10-6	447-457	дворянины.	_	

#Text=В целом, разговор может поддержать.
11-1	459-460	В	_	
11-2	461-467	целом,	_	
11-3	468-476	разговор	_	
11-4	477-482	может	_	
11-5	483-494	поддержать.	_	

#Text=Не прям тупой, всему обучен.
12-1	496-498	Не	_	
12-2	499-503	прям	_	
12-3	504-510	тупой,	slang	
12-4	511-516	всему	_	
12-5	517-524	обучен.	_	

#Text=Красавец.
13-1	526-535	Красавец.	_	

#Text=Но вот единственное, в 21 год он понимает, что он, видимо, нетакуся, ему всё надоедает, он решает такой, типа, «Господи, какие вы все тут тупые собрались, сидите, что-то обсуждаете, а вы не понимаете смысл вот этого существования, а я-то понял в свои 21 год».
14-1	537-539	Но	_	
14-2	540-543	вот	discourse\_marker	
14-3	544-557	единственное,	_	
14-4	558-559	в	_	
14-5	560-562	21	_	
14-6	563-566	год	_	
14-7	567-569	он	_	
14-8	570-579	понимает,	_	
14-9	580-583	что	_	
14-10	584-587	он,	_	
14-11	588-595	видимо,	_	
14-12	596-605	нетакуся,	slang	
14-13	606-609	ему	_	
14-14	610-613	всё	_	
14-15	614-624	надоедает,	_	
14-16	625-627	он	syntax[4]	
14-17	628-634	решает	syntax[4]	
14-18	635-641	такой,	syntax[4]	
14-19	642-647	типа,	syntax[4]|discourse\_marker[5]	
14-20	648-657	«Господи,	_	
14-21	658-663	какие	_	
14-22	664-666	вы	_	
14-23	667-670	все	_	
14-24	671-674	тут	_	
14-25	675-680	тупые	slang	
14-26	681-691	собрались,	_	
14-27	692-699	сидите,	_	
14-28	700-706	что-то	_	
14-29	707-718	обсуждаете,	_	
14-30	719-720	а	_	
14-31	721-723	вы	_	
14-32	724-726	не	_	
14-33	727-736	понимаете	_	
14-34	737-742	смысл	_	
14-35	743-746	вот	discourse\_marker	
14-36	747-752	этого	_	
14-37	753-767	существования,	_	
14-38	768-769	а	_	
14-39	770-774	я-то	_	
14-40	775-780	понял	_	
14-41	781-782	в	_	
14-42	783-787	свои	_	
14-43	788-790	21	_	
14-44	791-796	год».	_	

#Text=Вот.
15-1	798-802	Вот.	discourse\_marker	

#Text=И вот строит для себя, опять же, нетакусю и…
16-1	804-805	И	_	
16-2	806-809	вот	discourse\_marker	
16-3	810-816	строит	_	
16-4	817-820	для	_	
16-5	821-826	себя,	_	
16-6	827-832	опять	_	
16-7	833-836	же,	_	
16-8	837-845	нетакусю	slang	
16-9	846-848	и…	_	

#Text=Как бы...
17-1	850-853	Как	discourse\_marker[6]	
17-2	854-859	бы...	discourse\_marker[6]	

#Text=Понимая, что вот это общество, оно не для него, оно его не понимает и не принимает таким, какой он есть.
18-1	861-869	Понимая,	_	
18-2	870-873	что	_	
18-3	874-877	вот	discourse\_marker	
18-4	878-881	это	_	
18-5	882-891	общество,	_	
18-6	892-895	оно	_	
18-7	896-898	не	_	
18-8	899-902	для	_	
18-9	903-908	него,	_	
18-10	909-912	оно	_	
18-11	913-916	его	_	
18-12	917-919	не	_	
18-13	920-928	понимает	_	
18-14	929-930	и	_	
18-15	931-933	не	_	
18-16	934-943	принимает	_	
18-17	944-950	таким,	_	
18-18	951-956	какой	_	
18-19	957-959	он	_	
18-20	960-965	есть.	_	

#Text=Тут он узнает, что его...
19-1	967-970	Тут	_	
19-2	971-973	он	_	
19-3	974-981	узнает,	_	
19-4	982-985	что	_	
19-5	986-992	его...	_	

#Text=А, попутно, как вот это всё описывается, про Евгения Онегина, Пушкин там описывает ножки его любимые на кучу страниц, в целом размышляет по поводу...
20-1	995-997	А,	_	
20-2	998-1006	попутно,	_	
20-3	1007-1010	как	_	
20-4	1011-1014	вот	discourse\_marker	
20-5	1015-1018	это	_	
20-6	1019-1022	всё	_	
20-7	1023-1035	описывается,	_	
20-8	1036-1039	про	_	
20-9	1040-1047	Евгения	full\_name[7]	
20-10	1048-1056	Онегина,	full\_name[7]	
20-11	1057-1063	Пушкин	full\_name	
20-12	1064-1067	там	_	
20-13	1068-1077	описывает	_	
20-14	1078-1083	ножки	_	
20-15	1084-1087	его	_	
20-16	1088-1095	любимые	_	
20-17	1096-1098	на	_	
20-18	1099-1103	кучу	_	
20-19	1104-1112	страниц,	_	
20-20	1113-1114	в	_	
20-21	1115-1120	целом	_	
20-22	1121-1131	размышляет	_	
20-23	1132-1134	по	_	
20-24	1135-1144	поводу...	_	

#Text=То есть там как бы помимо самой истории…
21-1	1147-1149	То	_	
21-2	1150-1154	есть	_	
21-3	1155-1158	там	discourse\_marker	
21-4	1159-1162	как	discourse\_marker[8]	
21-5	1163-1165	бы	discourse\_marker[8]	
21-6	1166-1172	помимо	_	
21-7	1173-1178	самой	_	
21-8	1179-1187	истории…	_	

#Text=У нас есть ещё чисто размышление Пушкина по поводу разных вещей.
22-1	1190-1191	У	_	
22-2	1192-1195	нас	_	
22-3	1196-1200	есть	_	
22-4	1201-1204	ещё	_	
22-5	1205-1210	чисто	_	
22-6	1211-1222	размышление	_	
22-7	1223-1230	Пушкина	full\_name	
22-8	1231-1233	по	_	
22-9	1234-1240	поводу	_	
22-10	1241-1247	разных	_	
22-11	1248-1254	вещей.	_	

#Text=Вот.
23-1	1256-1260	Вот.	discourse\_marker	

#Text=Тут Женёк узнаёт, что его дядя заболел, приезжает к нему, сидит, думает, господи, когда же ты уже сдохнешь?
24-1	1262-1265	Тут	_	
24-2	1266-1271	Женёк	short\_name	
24-3	1272-1279	узнаёт,	_	
24-4	1280-1283	что	_	
24-5	1284-1287	его	_	
24-6	1288-1292	дядя	_	
24-7	1293-1301	заболел,	_	
24-8	1302-1311	приезжает	_	
24-9	1312-1313	к	_	
24-10	1314-1319	нему,	_	
24-11	1320-1326	сидит,	_	
24-12	1327-1334	думает,	_	
24-13	1335-1343	господи,	_	
24-14	1344-1349	когда	_	
24-15	1350-1352	же	_	
24-16	1353-1355	ты	_	
24-17	1356-1359	уже	_	
24-18	1360-1369	сдохнешь?	slang	

#Text=Ты меня так уже задолбал.
25-1	1371-1373	Ты	_	
25-2	1374-1378	меня	_	
25-3	1379-1382	так	_	
25-4	1383-1386	уже	_	
25-5	1387-1396	задолбал.	slang	

#Text=Вот.
26-1	1398-1402	Вот.	discourse\_marker	

#Text=Но всё равно продолжает с ним сидеть, потому что всё-таки наследство-то хочется.
27-1	1404-1406	Но	_	
27-2	1407-1410	всё	_	
27-3	1411-1416	равно	_	
27-4	1417-1427	продолжает	_	
27-5	1428-1429	с	_	
27-6	1430-1433	ним	_	
27-7	1434-1441	сидеть,	_	
27-8	1442-1448	потому	_	
27-9	1449-1452	что	_	
27-10	1453-1461	всё-таки	_	
27-11	1462-1475	наследство-то	_	
27-12	1476-1484	хочется.	_	

#Text=Надо быть примерным племянником.
28-1	1486-1490	Надо	_	
28-2	1491-1495	быть	_	
28-3	1496-1505	примерным	_	
28-4	1506-1518	племянником.	_	

#Text=Вот.
29-1	1520-1524	Вот.	discourse\_marker	

#Text=Дядя умирает, он получает в наследство огромный дом, прислугу, вот это всё, и решает, что типа, а чего уж я уеду вот за город, поживу там, там такая обстановка необычная.
30-1	1526-1530	Дядя	_	
30-2	1531-1539	умирает,	_	
30-3	1540-1542	он	_	
30-4	1543-1551	получает	_	
30-5	1552-1553	в	_	
30-6	1554-1564	наследство	_	
30-7	1565-1573	огромный	_	
30-8	1574-1578	дом,	_	
30-9	1579-1588	прислугу,	_	
30-10	1589-1592	вот	discourse\_marker[9]|discourse\_marker[10]	
30-11	1593-1596	это	discourse\_marker[9]	
30-12	1597-1601	всё,	discourse\_marker[9]	
30-13	1602-1603	и	_	
30-14	1604-1611	решает,	_	
30-15	1612-1615	что	_	
30-16	1616-1621	типа,	discourse\_marker	
30-17	1622-1623	а	_	
30-18	1624-1628	чего	_	
30-19	1629-1631	уж	_	
30-20	1632-1633	я	_	
30-21	1634-1638	уеду	_	
30-22	1639-1642	вот	discourse\_marker	
30-23	1643-1645	за	_	
30-24	1646-1652	город,	_	
30-25	1653-1659	поживу	_	
30-26	1660-1664	там,	_	
30-27	1665-1668	там	_	
30-28	1669-1674	такая	_	
30-29	1675-1685	обстановка	_	
30-30	1686-1696	необычная.	_	

#Text=Вот.
31-1	1698-1702	Вот.	discourse\_marker	

#Text=Сейчас я там поживу, и вот там, наверное, будет настоящая жизнь, которую вот я так хочу, и которую...
32-1	1704-1710	Сейчас	_	
32-2	1711-1712	я	_	
32-3	1713-1716	там	_	
32-4	1717-1724	поживу,	_	
32-5	1725-1726	и	_	
32-6	1727-1730	вот	discourse\_marker	
32-7	1731-1735	там,	discourse\_marker	
32-8	1736-1745	наверное,	_	
32-9	1746-1751	будет	_	
32-10	1752-1761	настоящая	_	
32-11	1762-1768	жизнь,	_	
32-12	1769-1776	которую	_	
32-13	1777-1780	вот	discourse\_marker	
32-14	1781-1782	я	_	
32-15	1783-1786	так	_	
32-16	1787-1792	хочу,	_	
32-17	1793-1794	и	_	
32-18	1795-1805	которую...	_	

#Text=Высшее общество не понимает.
33-1	1808-1814	Высшее	_	
33-2	1815-1823	общество	_	
33-3	1824-1826	не	_	
33-4	1827-1836	понимает.	_	

#Text=Приезжает туда, недельку-то он живёт, ему как бы в кайф, такой типа, ну вообще, круто.
34-1	1838-1847	Приезжает	_	
34-2	1848-1853	туда,	_	
34-3	1854-1865	недельку-то	_	
34-4	1866-1868	он	_	
34-5	1869-1875	живёт,	_	
34-6	1876-1879	ему	_	
34-7	1880-1883	как	discourse\_marker[11]	
34-8	1884-1886	бы	discourse\_marker[11]	
34-9	1887-1888	в	_	
34-10	1889-1894	кайф,	slang	
34-11	1895-1900	такой	_	
34-12	1901-1906	типа,	discourse\_marker	
34-13	1907-1909	ну	discourse\_marker	
34-14	1910-1917	вообще,	_	
34-15	1918-1924	круто.	slang	

#Text=А потом понимает, что ему тут скучно, что тут тоже как бы не ахти.
35-1	1926-1927	А	_	
35-2	1928-1933	потом	_	
35-3	1934-1943	понимает,	_	
35-4	1944-1947	что	_	
35-5	1948-1951	ему	_	
35-6	1952-1955	тут	_	
35-7	1956-1963	скучно,	_	
35-8	1964-1967	что	_	
35-9	1968-1971	тут	_	
35-10	1972-1976	тоже	_	
35-11	1977-1980	как	discourse\_marker[12]	
35-12	1981-1983	бы	discourse\_marker[12]	
35-13	1984-1986	не	slang[13]	
35-14	1987-1992	ахти.	slang[13]	

#Text=Опять превращается в нетакусю, сидит, злится, такой типа, господи, как вы меня все достали, я вас всех ненавижу.
36-1	1994-1999	Опять	_	
36-2	2000-2012	превращается	_	
36-3	2013-2014	в	_	
36-4	2015-2024	нетакусю,	slang	
36-5	2025-2031	сидит,	_	
36-6	2032-2039	злится,	_	
36-7	2040-2045	такой	discourse\_marker[14]	
36-8	2046-2051	типа,	discourse\_marker[14]|discourse\_marker[15]	
36-9	2052-2060	господи,	_	
36-10	2061-2064	как	_	
36-11	2065-2067	вы	_	
36-12	2068-2072	меня	_	
36-13	2073-2076	все	_	
36-14	2077-2085	достали,	_	
36-15	2086-2087	я	_	
36-16	2088-2091	вас	_	
36-17	2092-2096	всех	_	
36-18	2097-2106	ненавижу.	_	

#Text=Вот.
37-1	2108-2112	Вот.	discourse\_marker	

#Text=И из-за этого он находит Владимира, начинает с ним дружить.
38-1	2114-2115	И	_	
38-2	2116-2121	из-за	_	
38-3	2122-2127	этого	_	
38-4	2128-2130	он	_	
38-5	2131-2138	находит	_	
38-6	2139-2149	Владимира,	full\_name	
38-7	2150-2158	начинает	_	
38-8	2159-2160	с	_	
38-9	2161-2164	ним	_	
38-10	2165-2173	дружить.	_	

#Text=Ну как дружить?
39-1	2175-2177	Ну	discourse\_marker	
39-2	2178-2181	как	_	
39-3	2182-2190	дружить?	_	

#Text=Они скорее друзья, потому что больше никого нет.
40-1	2192-2195	Они	_	
40-2	2196-2202	скорее	_	
40-3	2203-2210	друзья,	_	
40-4	2211-2217	потому	_	
40-5	2218-2221	что	_	
40-6	2222-2228	больше	_	
40-7	2229-2235	никого	_	
40-8	2236-2240	нет.	_	

#Text=Общаться с крестьянами за 60, ну, как-то не очень.
41-1	2242-2250	Общаться	_	
41-2	2251-2252	с	_	
41-3	2253-2264	крестьянами	_	
41-4	2265-2267	за	_	
41-5	2268-2271	60,	_	
41-6	2272-2275	ну,	discourse\_marker	
41-7	2276-2282	как-то	_	
41-8	2283-2285	не	_	
41-9	2286-2292	очень.	_	

#Text=Хочется хоть с кем-то, кто примерно твоего возраста, ну да, немножко помладше, вот, законнектиться.
42-1	2294-2301	Хочется	_	
42-2	2302-2306	хоть	_	
42-3	2307-2308	с	_	
42-4	2309-2316	кем-то,	_	
42-5	2317-2320	кто	_	
42-6	2321-2329	примерно	_	
42-7	2330-2336	твоего	_	
42-8	2337-2346	возраста,	_	
42-9	2347-2349	ну	discourse\_marker	
42-10	2350-2353	да,	_	
42-11	2354-2362	немножко	_	
42-12	2363-2372	помладше,	_	
42-13	2373-2377	вот,	discourse\_marker	
42-14	2378-2393	законнектиться.	slang	

#Text=Плюс Владимир у него вызывает какие-то определённые чувства в плане ностальгии.
43-1	2395-2399	Плюс	_	
43-2	2400-2408	Владимир	full\_name	
43-3	2409-2410	у	_	
43-4	2411-2415	него	_	
43-5	2416-2424	вызывает	_	
43-6	2425-2433	какие-то	_	
43-7	2434-2446	определённые	_	
43-8	2447-2454	чувства	_	
43-9	2455-2456	в	_	
43-10	2457-2462	плане	_	
43-11	2463-2474	ностальгии.	_	

#Text=Вот я в 18 лет такой же был, дурак.
44-1	2476-2479	Вот	discourse\_marker	
44-2	2480-2481	я	_	
44-3	2482-2483	в	_	
44-4	2484-2486	18	_	
44-5	2487-2490	лет	_	
44-6	2491-2496	такой	_	
44-7	2497-2499	же	_	
44-8	2500-2504	был,	_	
44-9	2505-2511	дурак.	slang	

#Text=Вот это, во всё возвышенное верил.
45-1	2513-2516	Вот	discourse\_marker[16]	
45-2	2517-2521	это,	discourse\_marker[16]	
45-3	2522-2524	во	_	
45-4	2525-2528	всё	_	
45-5	2529-2540	возвышенное	_	
45-6	2541-2547	верил.	_	

#Text=Вот.
46-1	2549-2553	Вот.	discourse\_marker	

#Text=Владимир Ленский у нас приехал из Германии.
47-1	2555-2563	Владимир	full\_name	
47-2	2564-2571	Ленский	full\_name	
47-3	2572-2573	у	_	
47-4	2574-2577	нас	_	
47-5	2578-2585	приехал	_	
47-6	2586-2588	из	_	
47-7	2589-2598	Германии.	_	

#Text=Он такой вот поэт, ему прям вот эта жизнь, она ему очень нравится.
48-1	2600-2602	Он	_	
48-2	2603-2608	такой	discourse\_marker[17]	
48-3	2609-2612	вот	discourse\_marker[17]|discourse\_marker[18]	
48-4	2613-2618	поэт,	_	
48-5	2619-2622	ему	_	
48-6	2623-2627	прям	_	
48-7	2628-2631	вот	discourse\_marker	
48-8	2632-2635	эта	_	
48-9	2636-2642	жизнь,	_	
48-10	2643-2646	она	_	
48-11	2647-2650	ему	_	
48-12	2651-2656	очень	_	
48-13	2657-2666	нравится.	_	

#Text=Он прям, он ещё и влюблён к тому же, то есть у него, эмоции просто его переполняют.
49-1	2668-2670	Он	_	
49-2	2671-2676	прям,	_	
49-3	2677-2679	он	_	
49-4	2680-2683	ещё	_	
49-5	2684-2685	и	_	
49-6	2686-2693	влюблён	_	
49-7	2694-2695	к	_	
49-8	2696-2700	тому	_	
49-9	2701-2704	же,	_	
49-10	2705-2707	то	_	
49-11	2708-2712	есть	_	
49-12	2713-2714	у	_	
49-13	2715-2720	него,	_	
49-14	2721-2727	эмоции	_	
49-15	2728-2734	просто	_	
49-16	2735-2738	его	_	
49-17	2739-2751	переполняют.	_	

#Text=То есть в отличие от Онегина, который сидит, грустит и депрессирует, Ленский вообще не такой.
50-1	2753-2755	То	_	
50-2	2756-2760	есть	_	
50-3	2761-2762	в	_	
50-4	2763-2770	отличие	_	
50-5	2771-2773	от	_	
50-6	2774-2782	Онегина,	full\_name	
50-7	2783-2790	который	_	
50-8	2791-2797	сидит,	_	
50-9	2798-2805	грустит	_	
50-10	2806-2807	и	_	
50-11	2808-2821	депрессирует,	slang	
50-12	2822-2829	Ленский	full\_name	
50-13	2830-2836	вообще	discourse\_marker	
50-14	2837-2839	не	_	
50-15	2840-2846	такой.	_	

#Text=То есть они вот прям, как говорится, сошлись огонь и пламя.
51-1	2848-2850	То	_	
51-2	2851-2855	есть	_	
51-3	2856-2859	они	_	
51-4	2860-2863	вот	discourse\_marker	
51-5	2864-2869	прям,	_	
51-6	2870-2873	как	_	
51-7	2874-2884	говорится,	_	
51-8	2885-2892	сошлись	quote[19]	
51-9	2893-2898	огонь	quote[19]	
51-10	2899-2900	и	quote[19]	
51-11	2901-2907	пламя.	quote[19]	

#Text=00:04:14  Да, огонь и пламя сошлись, угу.
52-1	2909-2917	00:04:14	_	
52-2	2919-2922	Да,	_	
52-3	2923-2928	огонь	*[20]	
52-4	2929-2930	и	*[20]	
52-5	2931-2936	пламя	*[20]	
52-6	2937-2945	сошлись,	*[20]	
52-7	2946-2950	угу.	_	

#Text=Огонь и вода.
53-1	2952-2957	Огонь	_	
53-2	2958-2959	и	_	
53-3	2960-2965	вода.	_	

#Text=Не суть.
54-1	2967-2969	Не	_	
54-2	2970-2975	суть.	_	

#Text=Вот.
55-1	2977-2981	Вот.	discourse\_marker	

#Text=В итоге они там дружат, всякое такое.
56-1	2983-2984	В	_	
56-2	2985-2990	итоге	_	
56-3	2991-2994	они	_	
56-4	2995-2998	там	discourse\_marker	
56-5	2999-3006	дружат,	_	
56-6	3007-3013	всякое	discourse\_marker[21]	
56-7	3014-3020	такое.	discourse\_marker[21]	

#Text=Ленский рассказывает про то, что вот, а я помолвлен с девушкой, она такая классная, она мне так нравится.
57-1	3022-3029	Ленский	full\_name	
57-2	3030-3042	рассказывает	_	
57-3	3043-3046	про	_	
57-4	3047-3050	то,	_	
57-5	3051-3054	что	_	
57-6	3055-3059	вот,	discourse\_marker	
57-7	3060-3061	а	_	
57-8	3062-3063	я	_	
57-9	3064-3073	помолвлен	_	
57-10	3074-3075	с	_	
57-11	3076-3085	девушкой,	_	
57-12	3086-3089	она	_	
57-13	3090-3095	такая	_	
57-14	3096-3105	классная,	slang	
57-15	3106-3109	она	_	
57-16	3110-3113	мне	_	
57-17	3114-3117	так	_	
57-18	3118-3127	нравится.	_	

#Text=А давайте, Евгений, поедем к ним в гости.
58-1	3129-3130	А	_	
58-2	3131-3139	давайте,	_	
58-3	3140-3148	Евгений,	full\_name	
58-4	3149-3155	поедем	_	
58-5	3156-3157	к	_	
58-6	3158-3161	ним	_	
58-7	3162-3163	в	_	
58-8	3164-3170	гости.	_	

#Text=Поехали с нами, давай.
59-1	3172-3179	Поехали	_	
59-2	3180-3181	с	_	
59-3	3182-3187	нами,	_	
59-4	3188-3194	давай.	slang	

#Text=В итоге Онегин такой, ну а почему бы и нет, мне всё равно заняться нечем.
60-1	3196-3197	В	_	
60-2	3198-3203	итоге	_	
60-3	3204-3210	Онегин	full\_name	
60-4	3211-3217	такой,	_	
60-5	3218-3220	ну	discourse\_marker	
60-6	3221-3222	а	_	
60-7	3223-3229	почему	_	
60-8	3230-3232	бы	_	
60-9	3233-3234	и	_	
60-10	3235-3239	нет,	_	
60-11	3240-3243	мне	_	
60-12	3244-3247	всё	_	
60-13	3248-3253	равно	_	
60-14	3254-3262	заняться	_	
60-15	3263-3269	нечем.	_	

#Text=Едет к Лариным.
61-1	3271-3275	Едет	_	
61-2	3276-3277	к	_	
61-3	3278-3286	Лариным.	full\_name	

#Text=Тут нам представляют семейство Лариных.
62-1	3288-3291	Тут	_	
62-2	3292-3295	нам	_	
62-3	3296-3308	представляют	_	
62-4	3309-3318	семейство	_	
62-5	3319-3327	Лариных.	full\_name	

#Text=Вот была Ольга, которая была помолвлена с Владимиром.
63-1	3329-3332	Вот	_	
63-2	3333-3337	была	_	
63-3	3338-3344	Ольга,	full\_name	
63-4	3345-3352	которая	_	
63-5	3353-3357	была	_	
63-6	3358-3368	помолвлена	_	
63-7	3369-3370	с	_	
63-8	3371-3382	Владимиром.	full\_name	

#Text=И она тоже такая вся весёлая, беззаботная, наивная.
64-1	3384-3385	И	_	
64-2	3386-3389	она	_	
64-3	3390-3394	тоже	_	
64-4	3395-3400	такая	syntax[22]	
64-5	3401-3404	вся	syntax[22]	
64-6	3405-3413	весёлая,	_	
64-7	3414-3426	беззаботная,	_	
64-8	3427-3435	наивная.	_	

#Text=Вот.
65-1	3437-3441	Вот.	discourse\_marker	

#Text=В целом её никакие вещи не волнуют.
66-1	3443-3444	В	_	
66-2	3445-3450	целом	_	
66-3	3451-3453	её	_	
66-4	3454-3461	никакие	_	
66-5	3462-3466	вещи	_	
66-6	3467-3469	не	_	
66-7	3470-3478	волнуют.	_	

#Text=Не то чтобы она и Владимира прям сильно любит, но это такое вот.
67-1	3480-3482	Не	_	
67-2	3483-3485	то	_	
67-3	3486-3491	чтобы	_	
67-4	3492-3495	она	_	
67-5	3496-3497	и	_	
67-6	3498-3507	Владимира	full\_name	
67-7	3508-3512	прям	_	
67-8	3513-3519	сильно	_	
67-9	3520-3526	любит,	_	
67-10	3527-3529	но	_	
67-11	3530-3533	это	_	
67-12	3534-3539	такое	_	
67-13	3540-3544	вот.	discourse\_marker	

#Text=Она...
68-1	3546-3552	Она...	_	

#Text=Как это?
69-1	3555-3558	Как	discourse\_marker[23]	
69-2	3559-3563	это?	discourse\_marker[23]	

#Text=Одна из первых её влюблённостей.
70-1	3565-3569	Одна	_	
70-2	3570-3572	из	_	
70-3	3573-3579	первых	_	
70-4	3580-3582	её	_	
70-5	3583-3597	влюблённостей.	_	

#Text=Поэтому...
71-1	3599-3609	Поэтому...	_	

#Text=Ну, как бы...
72-1	3612-3615	Ну,	discourse\_marker	
72-2	3616-3619	как	discourse\_marker[24]	
72-3	3620-3625	бы...	discourse\_marker[24]	

#Text=Да.
73-1	3628-3631	Да.	_	

#Text=Ну, не то, чтобы у них прям сильная любовь.
74-1	3633-3636	Ну,	discourse\_marker	
74-2	3637-3639	не	_	
74-3	3640-3643	то,	_	
74-4	3644-3649	чтобы	_	
74-5	3650-3651	у	_	
74-6	3652-3655	них	_	
74-7	3656-3660	прям	_	
74-8	3661-3668	сильная	_	
74-9	3669-3676	любовь.	_	

#Text=Вот.
75-1	3678-3682	Вот.	discourse\_marker	

#Text=Татьяна, она вот вообще абсолютно не такая, как Ольга.
76-1	3684-3692	Татьяна,	full\_name	
76-2	3693-3696	она	_	
76-3	3697-3700	вот	discourse\_marker	
76-4	3701-3707	вообще	discourse\_marker	
76-5	3708-3717	абсолютно	_	
76-6	3718-3720	не	_	
76-7	3721-3727	такая,	_	
76-8	3728-3731	как	_	
76-9	3732-3738	Ольга.	full\_name	

#Text=Она, наоборот, спокойная, тихая, зажатая, сидит, книжечку читает.
77-1	3740-3744	Она,	_	
77-2	3745-3754	наоборот,	_	
77-3	3755-3765	спокойная,	_	
77-4	3766-3772	тихая,	_	
77-5	3773-3781	зажатая,	_	
77-6	3782-3788	сидит,	_	
77-7	3789-3797	книжечку	_	
77-8	3798-3805	читает.	_	

#Text=Вот.
78-1	3807-3811	Вот.	discourse\_marker	

#Text=Ей на природе намного комфортнее, чем с людьми.
79-1	3813-3815	Ей	_	
79-2	3816-3818	на	_	
79-3	3819-3826	природе	_	
79-4	3827-3834	намного	_	
79-5	3835-3846	комфортнее,	_	
79-6	3847-3850	чем	_	
79-7	3851-3852	с	_	
79-8	3853-3860	людьми.	_	

#Text=Её так воспитывали.
80-1	3862-3864	Её	_	
80-2	3865-3868	так	_	
80-3	3869-3881	воспитывали.	_	

#Text=Короче, тоже полные противоположности.
81-1	3883-3890	Короче,	discourse\_marker	
81-2	3891-3895	тоже	_	
81-3	3896-3902	полные	_	
81-4	3903-3921	противоположности.	_	

#Text=Тут Онегин как бы примечает Татьяну, ну, даже Ленскому говорит, что вот, знаешь, мне на самом деле, я не понимаю, почему ты Ольгу выбрал, потому что Татьяна как будто бы круче.
82-1	3923-3926	Тут	_	
82-2	3927-3933	Онегин	full\_name	
82-3	3934-3937	как	discourse\_marker[25]	
82-4	3938-3940	бы	discourse\_marker[25]	
82-5	3941-3950	примечает	_	
82-6	3951-3959	Татьяну,	full\_name	
82-7	3960-3963	ну,	discourse\_marker	
82-8	3964-3968	даже	_	
82-9	3969-3977	Ленскому	full\_name	
82-10	3978-3986	говорит,	_	
82-11	3987-3990	что	_	
82-12	3991-3995	вот,	discourse\_marker	
82-13	3996-4003	знаешь,	_	
82-14	4004-4007	мне	_	
82-15	4008-4010	на	_	
82-16	4011-4016	самом	_	
82-17	4017-4022	деле,	_	
82-18	4023-4024	я	_	
82-19	4025-4027	не	_	
82-20	4028-4036	понимаю,	_	
82-21	4037-4043	почему	_	
82-22	4044-4046	ты	_	
82-23	4047-4052	Ольгу	full\_name	
82-24	4053-4060	выбрал,	_	
82-25	4061-4067	потому	_	
82-26	4068-4071	что	_	
82-27	4072-4079	Татьяна	full\_name	
82-28	4080-4083	как	_	
82-29	4084-4089	будто	_	
82-30	4090-4092	бы	_	
82-31	4093-4099	круче.	slang	

#Text=Вот.
83-1	4101-4105	Вот.	discourse\_marker	

#Text=И...
84-1	4107-4111	И...	_	

#Text=Ну, а Ленский говорит, что ой, ты ничего не понимаешь, и всё.
85-1	4113-4116	Ну,	discourse\_marker	
85-2	4117-4118	а	_	
85-3	4119-4126	Ленский	full\_name	
85-4	4127-4135	говорит,	_	
85-5	4136-4139	что	_	
85-6	4140-4143	ой,	_	
85-7	4144-4146	ты	_	
85-8	4147-4153	ничего	_	
85-9	4154-4156	не	_	
85-10	4157-4167	понимаешь,	_	
85-11	4168-4169	и	_	
85-12	4170-4174	всё.	_	

#Text=Тут Татьяна видит Онегина.
86-1	4176-4179	Тут	_	
86-2	4180-4187	Татьяна	full\_name	
86-3	4188-4193	видит	_	
86-4	4194-4202	Онегина.	full\_name	

#Text=Конечно, такой вот он загадочный, что-то он там как-то выражается, вот это, не такой, как все.
87-1	4204-4212	Конечно,	_	
87-2	4213-4218	такой	syntax[26]	
87-3	4219-4222	вот	syntax[26]|discourse\_marker[27]	
87-4	4223-4225	он	_	
87-5	4226-4237	загадочный,	_	
87-6	4238-4244	что-то	_	
87-7	4245-4247	он	_	
87-8	4248-4251	там	discourse\_marker	
87-9	4252-4258	как-то	_	
87-10	4259-4270	выражается,	_	
87-11	4271-4274	вот	discourse\_marker	
87-12	4275-4279	это,	_	
87-13	4280-4282	не	_	
87-14	4283-4289	такой,	_	
87-15	4290-4293	как	_	
87-16	4294-4298	все.	_	

#Text=Конечно, у неё это какие-то чувства пробуждают, и она влюбляется в него.
88-1	4300-4308	Конечно,	_	
88-2	4309-4310	у	_	
88-3	4311-4314	неё	_	
88-4	4315-4318	это	_	
88-5	4319-4327	какие-то	_	
88-6	4328-4335	чувства	_	
88-7	4336-4347	пробуждают,	_	
88-8	4348-4349	и	_	
88-9	4350-4353	она	_	
88-10	4354-4364	влюбляется	_	
88-11	4365-4366	в	_	
88-12	4367-4372	него.	_	

#Text=Периодически Онегин вроде бы стал заезжать к ним,   00:06:19  поужинать вместе с Ленским.
89-1	4374-4386	Периодически	_	
89-2	4387-4393	Онегин	full\_name	
89-3	4394-4399	вроде	_	
89-4	4400-4402	бы	_	
89-5	4403-4407	стал	_	
89-6	4408-4416	заезжать	_	
89-7	4417-4418	к	_	
89-8	4419-4423	ним,	_	
89-9	4426-4434	00:06:19	_	
89-10	4436-4445	поужинать	_	
89-11	4446-4452	вместе	_	
89-12	4453-4454	с	_	
89-13	4455-4463	Ленским.	full\_name	

#Text=Вот.
90-1	4465-4469	Вот.	discourse\_marker	

#Text=Татьяна, опять же, она в него влюбилась.
91-1	4471-4479	Татьяна,	full\_name	
91-2	4480-4485	опять	_	
91-3	4486-4489	же,	_	
91-4	4490-4493	она	_	
91-5	4494-4495	в	_	
91-6	4496-4500	него	_	
91-7	4501-4511	влюбилась.	_	

#Text=Рассказывают об этом тете, ой, тете, господи, своей няне.
92-1	4513-4525	Рассказывают	_	
92-2	4526-4528	об	_	
92-3	4529-4533	этом	_	
92-4	4534-4539	тете,	_	
92-5	4540-4543	ой,	_	
92-6	4544-4549	тете,	_	
92-7	4550-4558	господи,	_	
92-8	4559-4564	своей	_	
92-9	4565-4570	няне.	_	

#Text=Говорит, вот, я влюбилась, я его так люблю, я люблю его, надо письмо ему написать, боже мой.
93-1	4572-4580	Говорит,	_	
93-2	4581-4585	вот,	discourse\_marker	
93-3	4586-4587	я	_	
93-4	4588-4598	влюбилась,	_	
93-5	4599-4600	я	_	
93-6	4601-4604	его	_	
93-7	4605-4608	так	_	
93-8	4609-4615	люблю,	_	
93-9	4616-4617	я	_	
93-10	4618-4623	люблю	_	
93-11	4624-4628	его,	_	
93-12	4629-4633	надо	_	
93-13	4634-4640	письмо	_	
93-14	4641-4644	ему	_	
93-15	4645-4654	написать,	_	
93-16	4655-4659	боже	_	
93-17	4660-4664	мой.	_	

#Text=Короче, написала ему письмо на французском, причём половину фраз она стыбзила из поэм, которые она читала, из французских книжек, потому что другого представления о любви у неё вообще нет.
94-1	4666-4673	Короче,	discourse\_marker	
94-2	4674-4682	написала	_	
94-3	4683-4686	ему	_	
94-4	4687-4693	письмо	_	
94-5	4694-4696	на	_	
94-6	4697-4709	французском,	_	
94-7	4710-4716	причём	_	
94-8	4717-4725	половину	_	
94-9	4726-4730	фраз	_	
94-10	4731-4734	она	_	
94-11	4735-4743	стыбзила	slang	
94-12	4744-4746	из	_	
94-13	4747-4752	поэм,	_	
94-14	4753-4760	которые	_	
94-15	4761-4764	она	_	
94-16	4765-4772	читала,	_	
94-17	4773-4775	из	_	
94-18	4776-4787	французских	_	
94-19	4788-4795	книжек,	_	
94-20	4796-4802	потому	_	
94-21	4803-4806	что	_	
94-22	4807-4814	другого	_	
94-23	4815-4828	представления	_	
94-24	4829-4830	о	_	
94-25	4831-4836	любви	_	
94-26	4837-4838	у	_	
94-27	4839-4842	неё	_	
94-28	4843-4849	вообще	discourse\_marker	
94-29	4850-4854	нет.	_	

#Text=Она всё это записала, отправила ему.
95-1	4856-4859	Она	_	
95-2	4860-4863	всё	_	
95-3	4864-4867	это	_	
95-4	4868-4877	записала,	_	
95-5	4878-4887	отправила	_	
95-6	4888-4892	ему.	_	

#Text=При этом она не подписала, кто конкретно, ну, отправляет, попросила анонимно.
96-1	4894-4897	При	_	
96-2	4898-4902	этом	_	
96-3	4903-4906	она	_	
96-4	4907-4909	не	_	
96-5	4910-4920	подписала,	_	
96-6	4921-4924	кто	_	
96-7	4925-4935	конкретно,	_	
96-8	4936-4939	ну,	discourse\_marker	
96-9	4940-4951	отправляет,	_	
96-10	4952-4961	попросила	_	
96-11	4962-4971	анонимно.	_	

#Text=Но потом, что меня смущало всегда, она, я помню, она разозлилась, ну, как бы расстроилась, что Онегин так долго ей не отвечал, вот, но хотя, а как бы он ответил, если он, ну, это всё анонимно было, то есть он не знает, кто написал-то, кому ему ответ-то отдавать.
97-1	4973-4975	Но	_	
97-2	4976-4982	потом,	_	
97-3	4983-4986	что	_	
97-4	4987-4991	меня	_	
97-5	4992-4999	смущало	_	
97-6	5000-5007	всегда,	_	
97-7	5008-5012	она,	_	
97-8	5013-5014	я	_	
97-9	5015-5021	помню,	_	
97-10	5022-5025	она	_	
97-11	5026-5038	разозлилась,	_	
97-12	5039-5042	ну,	discourse\_marker	
97-13	5043-5046	как	discourse\_marker[28]	
97-14	5047-5049	бы	discourse\_marker[28]	
97-15	5050-5063	расстроилась,	_	
97-16	5064-5067	что	_	
97-17	5068-5074	Онегин	full\_name	
97-18	5075-5078	так	_	
97-19	5079-5084	долго	_	
97-20	5085-5087	ей	_	
97-21	5088-5090	не	_	
97-22	5091-5099	отвечал,	_	
97-23	5100-5104	вот,	discourse\_marker	
97-24	5105-5107	но	_	
97-25	5108-5113	хотя,	_	
97-26	5114-5115	а	_	
97-27	5116-5119	как	discourse\_marker[29]	
97-28	5120-5122	бы	discourse\_marker[29]	
97-29	5123-5125	он	_	
97-30	5126-5134	ответил,	_	
97-31	5135-5139	если	_	
97-32	5140-5143	он,	_	
97-33	5144-5147	ну,	discourse\_marker	
97-34	5148-5151	это	_	
97-35	5152-5155	всё	_	
97-36	5156-5164	анонимно	_	
97-37	5165-5170	было,	_	
97-38	5171-5173	то	_	
97-39	5174-5178	есть	_	
97-40	5179-5181	он	_	
97-41	5182-5184	не	_	
97-42	5185-5191	знает,	_	
97-43	5192-5195	кто	_	
97-44	5196-5207	написал-то,	_	
97-45	5208-5212	кому	_	
97-46	5213-5216	ему	_	
97-47	5217-5225	ответ-то	_	
97-48	5226-5235	отдавать.	_	

#Text=Ну, короче, отправила она ему это письмо, он прочитал, вот вроде как такую, ну, прикольно.
98-1	5237-5240	Ну,	discourse\_marker	
98-2	5241-5248	короче,	discourse\_marker	
98-3	5249-5258	отправила	_	
98-4	5259-5262	она	_	
98-5	5263-5266	ему	_	
98-6	5267-5270	это	_	
98-7	5271-5278	письмо,	_	
98-8	5279-5281	он	_	
98-9	5282-5291	прочитал,	_	
98-10	5292-5295	вот	discourse\_marker	
98-11	5296-5301	вроде	_	
98-12	5302-5305	как	_	
98-13	5306-5312	такую,	_	
98-14	5313-5316	ну,	discourse\_marker	
98-15	5317-5327	прикольно.	slang	

#Text=Здорово.
99-1	5329-5337	Здорово.	slang	

#Text=Ну давай, пока.
100-1	5339-5341	Ну	discourse\_marker	
100-2	5342-5348	давай,	slang	
100-3	5349-5354	пока.	slang	

#Text=Вот.
101-1	5356-5360	Вот.	discourse\_marker	

#Text=В итоге, наконец-то, он понял, что написала Татьяна.
102-1	5362-5363	В	_	
102-2	5364-5370	итоге,	_	
102-3	5371-5382	наконец-то,	_	
102-4	5383-5385	он	_	
102-5	5386-5392	понял,	_	
102-6	5393-5396	что	_	
102-7	5397-5405	написала	_	
102-8	5406-5414	Татьяна.	full\_name	

#Text=Пошёл к ней, ну как, не к ней прямо, он сказал, что вот давай встретимся в саду у вас.
103-1	5416-5421	Пошёл	_	
103-2	5422-5423	к	_	
103-3	5424-5428	ней,	_	
103-4	5429-5431	ну	discourse\_marker	
103-5	5432-5436	как,	_	
103-6	5437-5439	не	_	
103-7	5440-5441	к	_	
103-8	5442-5445	ней	_	
103-9	5446-5452	прямо,	_	
103-10	5453-5455	он	_	
103-11	5456-5463	сказал,	_	
103-12	5464-5467	что	_	
103-13	5468-5471	вот	discourse\_marker	
103-14	5472-5477	давай	_	
103-15	5478-5488	встретимся	_	
103-16	5489-5490	в	_	
103-17	5491-5495	саду	_	
103-18	5496-5497	у	_	
103-19	5498-5502	вас.	_	

#Text=Вот, Татьяна, когда шла в этот сад, пробежала 25 километров, потому что она оббежала из-за переизбытка эмоций, она оббежала всю усадьбу, а усадьба это, ну, довольно большое, ну, в плане не внутри, а снаружи, вот, а это довольно большая территория, она там что-то по лесу бежала, сквозь кусты, деревья, вот, в итоге прибежала туда, и тут ей Онегин говорит, типа, сорри, ты мне не нравишься, ничего у нас не получится, всё.
104-1	5504-5508	Вот,	discourse\_marker	
104-2	5509-5517	Татьяна,	full\_name	
104-3	5518-5523	когда	_	
104-4	5524-5527	шла	_	
104-5	5528-5529	в	_	
104-6	5530-5534	этот	_	
104-7	5535-5539	сад,	_	
104-8	5540-5549	пробежала	_	
104-9	5550-5552	25	_	
104-10	5553-5564	километров,	_	
104-11	5565-5571	потому	_	
104-12	5572-5575	что	_	
104-13	5576-5579	она	_	
104-14	5580-5588	оббежала	_	
104-15	5589-5594	из-за	_	
104-16	5595-5606	переизбытка	_	
104-17	5607-5614	эмоций,	_	
104-18	5615-5618	она	_	
104-19	5619-5627	оббежала	_	
104-20	5628-5631	всю	_	
104-21	5632-5640	усадьбу,	_	
104-22	5641-5642	а	_	
104-23	5643-5650	усадьба	_	
104-24	5651-5655	это,	_	
104-25	5656-5659	ну,	discourse\_marker	
104-26	5660-5668	довольно	_	
104-27	5669-5677	большое,	_	
104-28	5678-5681	ну,	discourse\_marker	
104-29	5682-5683	в	_	
104-30	5684-5689	плане	_	
104-31	5690-5692	не	_	
104-32	5693-5700	внутри,	_	
104-33	5701-5702	а	_	
104-34	5703-5711	снаружи,	_	
104-35	5712-5716	вот,	discourse\_marker	
104-36	5717-5718	а	_	
104-37	5719-5722	это	_	
104-38	5723-5731	довольно	_	
104-39	5732-5739	большая	_	
104-40	5740-5751	территория,	_	
104-41	5752-5755	она	_	
104-42	5756-5759	там	discourse\_marker	
104-43	5760-5766	что-то	_	
104-44	5767-5769	по	_	
104-45	5770-5774	лесу	_	
104-46	5775-5782	бежала,	_	
104-47	5783-5789	сквозь	_	
104-48	5790-5796	кусты,	_	
104-49	5797-5805	деревья,	_	
104-50	5806-5810	вот,	discourse\_marker	
104-51	5811-5812	в	_	
104-52	5813-5818	итоге	_	
104-53	5819-5828	прибежала	_	
104-54	5829-5834	туда,	_	
104-55	5835-5836	и	_	
104-56	5837-5840	тут	_	
104-57	5841-5843	ей	_	
104-58	5844-5850	Онегин	full\_name	
104-59	5851-5859	говорит,	_	
104-60	5860-5865	типа,	discourse\_marker	
104-61	5866-5872	сорри,	slang	
104-62	5873-5875	ты	_	
104-63	5876-5879	мне	_	
104-64	5880-5882	не	_	
104-65	5883-5893	нравишься,	_	
104-66	5894-5900	ничего	_	
104-67	5901-5902	у	_	
104-68	5903-5906	нас	_	
104-69	5907-5909	не	_	
104-70	5910-5920	получится,	_	
104-71	5921-5925	всё.	_	

#Text=Татьяна, конечно же, это первая её любовь, всё разбито, плохо, она очень сильно расстраивается из-за этого, вот.
105-1	5927-5935	Татьяна,	full\_name	
105-2	5936-5943	конечно	_	
105-3	5944-5947	же,	_	
105-4	5948-5951	это	_	
105-5	5952-5958	первая	_	
105-6	5959-5961	её	_	
105-7	5962-5969	любовь,	_	
105-8	5970-5973	всё	_	
105-9	5974-5982	разбито,	_	
105-10	5983-5989	плохо,	_	
105-11	5990-5993	она	_	
105-12	5994-5999	очень	_	
105-13	6000-6006	сильно	_	
105-14	6007-6021	расстраивается	_	
105-15	6022-6027	из-за	_	
105-16	6028-6034	этого,	_	
105-17	6035-6039	вот.	discourse\_marker	

#Text=И она потом кучу дней сидит в комнате, никуда не выходит.
106-1	6041-6042	И	_	
106-2	6043-6046	она	_	
106-3	6047-6052	потом	_	
106-4	6053-6057	кучу	_	
106-5	6058-6062	дней	_	
106-6	6063-6068	сидит	_	
106-7	6069-6070	в	_	
106-8	6071-6079	комнате,	_	
106-9	6080-6086	никуда	_	
106-10	6087-6089	не	_	
106-11	6090-6098	выходит.	_	

#Text=Онегин тоже, типа, к ним не приезжает.
107-1	6100-6106	Онегин	full\_name	
107-2	6107-6112	тоже,	_	
107-3	6113-6118	типа,	discourse\_marker	
107-4	6119-6120	к	_	
107-5	6121-6124	ним	_	
107-6	6125-6127	не	_	
107-7	6128-6138	приезжает.	_	

#Text=Никто не понимает, чё происходит.
108-1	6140-6145	Никто	_	
108-2	6146-6148	не	_	
108-3	6149-6158	понимает,	_	
108-4	6159-6161	чё	slang	
108-5	6162-6173	происходит.	_	

#Text=Вот.
109-1	6175-6179	Вот.	discourse\_marker	

#Text=В какой-то момент Ленский говорит, что-то ты давно не ездил к Лариным.
110-1	6181-6182	В	_	
110-2	6183-6191	какой-то	_	
110-3	6192-6198	момент	_	
110-4	6199-6206	Ленский	full\_name	
110-5	6207-6215	говорит,	_	
110-6	6216-6222	что-то	_	
110-7	6223-6225	ты	_	
110-8	6226-6231	давно	_	
110-9	6232-6234	не	_	
110-10	6235-6240	ездил	_	
110-11	6241-6242	к	_	
110-12	6243-6251	Лариным.	full\_name	

#Text=Поехали, сегодня там бал. Вот.
111-1	6253-6261	Поехали,	_	
111-2	6262-6269	сегодня	_	
111-3	6270-6273	там	discourse\_marker	
111-4	6274-6278	бал.	_	
111-5	6279-6283	Вот.	discourse\_marker	

#Text=А, ещё до...
112-1	6285-6287	А,	_	
112-2	6288-6291	ещё	_	
112-3	6292-6297	до...	_	

#Text=Точно, я вспомнила.
113-1	6299-6305	Точно,	_	
113-2	6306-6307	я	_	
113-3	6308-6318	вспомнила.	_	

#Text=До того, как ей... как она получила ответ от Онегина, ей приснился сон, где Онегин как раз-таки отвечает ей взаимно на её чувства.
114-1	6320-6322	До	_	
114-2	6323-6328	того,	_	
114-3	6329-6332	как	_	
114-4	6333-6338	ей...	_	
114-5	6339-6342	как	_	
114-6	6343-6346	она	_	
114-7	6347-6355	получила	_	
114-8	6356-6361	ответ	_	
114-9	6362-6364	от	_	
114-10	6365-6373	Онегина,	full\_name	
114-11	6374-6376	ей	_	
114-12	6377-6386	приснился	_	
114-13	6387-6391	сон,	_	
114-14	6392-6395	где	_	
114-15	6396-6402	Онегин	full\_name	
114-16	6403-6406	как	_	
114-17	6407-6415	раз-таки	_	
114-18	6416-6424	отвечает	_	
114-19	6425-6427	ей	_	
114-20	6428-6435	взаимно	_	
114-21	6436-6438	на	_	
114-22	6439-6441	её	_	
114-23	6442-6450	чувства.	_	

#Text=И он такой вещий сон, потому что потом то, что произошло в этом сне, произойдёт и в самом романе, потому что там и Ленский умрёт и все остальные, но это уже спойлеры.
115-1	6452-6453	И	_	
115-2	6454-6456	он	_	
115-3	6457-6462	такой	_	
115-4	6463-6468	вещий	_	
115-5	6469-6473	сон,	_	
115-6	6474-6480	потому	_	
115-7	6481-6484	что	_	
115-8	6485-6490	потом	_	
115-9	6491-6494	то,	_	
115-10	6495-6498	что	_	
115-11	6499-6508	произошло	_	
115-12	6509-6510	в	_	
115-13	6511-6515	этом	_	
115-14	6516-6520	сне,	_	
115-15	6521-6531	произойдёт	_	
115-16	6532-6533	и	_	
115-17	6534-6535	в	_	
115-18	6536-6541	самом	_	
115-19	6542-6549	романе,	_	
115-20	6550-6556	потому	_	
115-21	6557-6560	что	_	
115-22	6561-6564	там	discourse\_marker	
115-23	6565-6566	и	_	
115-24	6567-6574	Ленский	full\_name	
115-25	6575-6580	умрёт	_	
115-26	6581-6582	и	_	
115-27	6583-6586	все	_	
115-28	6587-6597	остальные,	_	
115-29	6598-6600	но	_	
115-30	6601-6604	это	_	
115-31	6605-6608	уже	_	
115-32	6609-6618	спойлеры.	slang	

#Text=Не все остальные умрут, в плане всё, что во сне происходит, там будет отражение этого.
116-1	6620-6622	Не	_	
116-2	6623-6626	все	_	
116-3	6627-6636	остальные	_	
116-4	6637-6643	умрут,	_	
116-5	6644-6645	в	_	
116-6	6646-6651	плане	_	
116-7	6652-6656	всё,	_	
116-8	6657-6660	что	_	
116-9	6661-6663	во	_	
116-10	6664-6667	сне	_	
116-11	6668-6679	происходит,	_	
116-12	6680-6683	там	discourse\_marker	
116-13	6684-6689	будет	_	
116-14	6690-6699	отражение	_	
116-15	6700-6706	этого.	_	

#Text=Вот.
117-1	6708-6712	Вот.	discourse\_marker	

#Text=Ну, короче, Онегин приезжает на бал вместе с Ленским.
118-1	6714-6717	Ну,	discourse\_marker	
118-2	6718-6725	короче,	discourse\_marker	
118-3	6726-6732	Онегин	full\_name	
118-4	6733-6742	приезжает	_	
118-5	6743-6745	на	_	
118-6	6746-6749	бал	_	
118-7	6750-6756	вместе	_	
118-8	6757-6758	с	_	
118-9	6759-6767	Ленским.	full\_name	

#Text=И что-то ему в голову ударило, он думает, блин, а чё, прикольно будет, сейчас я с Ольгой потанцую.
119-1	6769-6770	И	_	
119-2	6771-6777	что-то	_	
119-3	6778-6781	ему	_	
119-4	6782-6783	в	_	
119-5	6784-6790	голову	_	
119-6	6791-6799	ударило,	_	
119-7	6800-6802	он	_	
119-8	6803-6810	думает,	_	
119-9	6811-6816	блин,	discourse\_marker	
119-10	6817-6818	а	_	
119-11	6819-6822	чё,	_	
119-12	6823-6832	прикольно	slang	
119-13	6833-6839	будет,	_	
119-14	6840-6846	сейчас	_	
119-15	6847-6848	я	_	
119-16	6849-6850	с	_	
119-17	6851-6857	Ольгой	full\_name	
119-18	6858-6867	потанцую.	_	

#Text=Их любимый танец с Онегин... ой, с Онегиным, с Ленским.
120-1	6869-6871	Их	_	
120-2	6872-6879	любимый	_	
120-3	6880-6885	танец	_	
120-4	6886-6887	с	_	
120-5	6888-6897	Онегин...	full\_name	
120-6	6898-6901	ой,	_	
120-7	6902-6903	с	_	
120-8	6904-6913	Онегиным,	full\_name	
120-9	6914-6915	с	_	
120-10	6916-6924	Ленским.	full\_name	

#Text=Вот.
121-1	6926-6930	Вот.	discourse\_marker	

#Text=Ленский такой, типа, ты офигел?
122-1	6932-6939	Ленский	full\_name	
122-2	6940-6946	такой,	_	
122-3	6947-6952	типа,	discourse\_marker	
122-4	6953-6955	ты	_	
122-5	6956-6963	офигел?	slang	

#Text="Это чё такое?"
123-1	6965-6969	"Это	_	
123-2	6970-6972	чё	slang	
123-3	6973-6980	такое?"	_	

#Text=Вот.
124-1	6982-6986	Вот.	discourse\_marker	

#Text=Он танцует с Ольгой.
125-1	6988-6990	Он	_	
125-2	6991-6998	танцует	_	
125-3	6999-7000	с	_	
125-4	7001-7008	Ольгой.	full\_name	

#Text=Ольга тоже такая, типа, ха-ха, как это смешно, как это прикольно.
126-1	7010-7015	Ольга	full\_name	
126-2	7016-7020	тоже	_	
126-3	7021-7027	такая,	syntax[30]	
126-4	7028-7033	типа,	syntax[30]|discourse\_marker[31]	
126-5	7034-7040	ха-ха,	_	
126-6	7041-7044	как	_	
126-7	7045-7048	это	_	
126-8	7049-7056	смешно,	_	
126-9	7057-7060	как	_	
126-10	7061-7064	это	_	
126-11	7065-7075	прикольно.	slang	

#Text=Вот они потанцевали.
127-1	7077-7080	Вот	_	
127-2	7081-7084	они	_	
127-3	7085-7097	потанцевали.	_	

#Text=Ленский такой, типа, ты чё, оборзел?
128-1	7099-7106	Ленский	full\_name	
128-2	7107-7113	такой,	_	
128-3	7114-7119	типа,	discourse\_marker	
128-4	7120-7122	ты	_	
128-5	7123-7126	чё,	_	
128-6	7127-7135	оборзел?	slang	

#Text=Ну, короче, подходит к ним и говорит, всё, я тебя на дуэль вызываю.
129-1	7137-7140	Ну,	discourse\_marker	
129-2	7141-7148	короче,	discourse\_marker	
129-3	7149-7157	подходит	_	
129-4	7158-7159	к	_	
129-5	7160-7163	ним	_	
129-6	7164-7165	и	_	
129-7	7166-7174	говорит,	_	
129-8	7175-7179	всё,	_	
129-9	7180-7181	я	_	
129-10	7182-7186	тебя	_	
129-11	7187-7189	на	_	
129-12	7190-7195	дуэль	_	
129-13	7196-7204	вызываю.	_	

#Text=Вот.
130-1	7206-7210	Вот.	discourse\_marker	

#Text=При этом Ольга тоже, она не в курсах, чё происходит.
131-1	7212-7215	При	_	
131-2	7216-7220	этом	_	
131-3	7221-7226	Ольга	full\_name	
131-4	7227-7232	тоже,	_	
131-5	7233-7236	она	_	
131-6	7237-7239	не	_	
131-7	7240-7241	в	_	
131-8	7242-7249	курсах,	_	
131-9	7250-7252	чё	slang	
131-10	7253-7264	происходит.	_	

#Text=А, вот, ему Онегину-то ударило в голову, потому что там Татьяна вышла, и он как-то вот ему захотелось, что ли, я не знаю, ей побольнее сделать, кому-то побольнее сделать, просто, ну, по приколу.
132-1	7266-7268	А,	_	
132-2	7269-7273	вот,	discourse\_marker	
132-3	7274-7277	ему	_	
132-4	7278-7288	Онегину-то	full\_name	
132-5	7289-7296	ударило	_	
132-6	7297-7298	в	_	
132-7	7299-7306	голову,	_	
132-8	7307-7313	потому	_	
132-9	7314-7317	что	_	
132-10	7318-7321	там	discourse\_marker	
132-11	7322-7329	Татьяна	full\_name	
132-12	7330-7336	вышла,	_	
132-13	7337-7338	и	_	
132-14	7339-7341	он	_	
132-15	7342-7348	как-то	_	
132-16	7349-7352	вот	discourse\_marker	
132-17	7353-7356	ему	_	
132-18	7357-7368	захотелось,	_	
132-19	7369-7372	что	_	
132-20	7373-7376	ли,	_	
132-21	7377-7378	я	_	
132-22	7379-7381	не	_	
132-23	7382-7387	знаю,	_	
132-24	7388-7390	ей	_	
132-25	7391-7400	побольнее	_	
132-26	7401-7409	сделать,	_	
132-27	7410-7417	кому-то	_	
132-28	7418-7427	побольнее	_	
132-29	7428-7436	сделать,	_	
132-30	7437-7444	просто,	_	
132-31	7445-7448	ну,	discourse\_marker	
132-32	7449-7451	по	_	
132-33	7452-7460	приколу.	slang	

#Text=Вот.
133-1	7462-7466	Вот.	discourse\_marker	

#Text=В итоге происходит дуэль.
134-1	7468-7469	В	_	
134-2	7470-7475	итоге	_	
134-3	7476-7486	происходит	_	
134-4	7487-7493	дуэль.	_	

#Text=Главное, до этого они ещё такие, типа, нафиг мы вообще в это ввязались, но никто ничего не отсылает.
135-1	7495-7503	Главное,	_	
135-2	7504-7506	до	_	
135-3	7507-7512	этого	_	
135-4	7513-7516	они	_	
135-5	7517-7520	ещё	_	
135-6	7521-7527	такие,	_	
135-7	7528-7533	типа,	discourse\_marker	
135-8	7534-7539	нафиг	slang	
135-9	7540-7542	мы	_	
135-10	7543-7549	вообще	discourse\_marker	
135-11	7550-7551	в	_	
135-12	7552-7555	это	_	
135-13	7556-7566	ввязались,	_	
135-14	7567-7569	но	_	
135-15	7570-7575	никто	_	
135-16	7576-7582	ничего	_	
135-17	7583-7585	не	_	
135-18	7586-7595	отсылает.	_	

#Text=Онегин опаздывает, типа, на минут 15, и по факту можно было бы дуэль закончить, но там их этот, секундант, наоборот, их подначивает, типа, давайте, по приколу, это же весело.
136-1	7597-7603	Онегин	full\_name	
136-2	7604-7615	опаздывает,	_	
136-3	7616-7621	типа,	discourse\_marker	
136-4	7622-7624	на	_	
136-5	7625-7630	минут	_	
136-6	7631-7634	15,	_	
136-7	7635-7636	и	_	
136-8	7637-7639	по	_	
136-9	7640-7645	факту	_	
136-10	7646-7651	можно	_	
136-11	7652-7656	было	_	
136-12	7657-7659	бы	_	
136-13	7660-7665	дуэль	_	
136-14	7666-7676	закончить,	_	
136-15	7677-7679	но	_	
136-16	7680-7683	там	discourse\_marker	
136-17	7684-7686	их	_	
136-18	7687-7692	этот,	_	
136-19	7693-7703	секундант,	_	
136-20	7704-7713	наоборот,	_	
136-21	7714-7716	их	_	
136-22	7717-7729	подначивает,	_	
136-23	7730-7735	типа,	discourse\_marker	
136-24	7736-7744	давайте,	_	
136-25	7745-7747	по	_	
136-26	7748-7756	приколу,	slang	
136-27	7757-7760	это	_	
136-28	7761-7763	же	_	
136-29	7764-7771	весело.	_	

#Text=Вот, короче, убивают Вована.
137-1	7773-7777	Вот,	discourse\_marker	
137-2	7778-7785	короче,	discourse\_marker	
137-3	7786-7793	убивают	_	
137-4	7794-7801	Вована.	short\_name	

#Text=Вот.
138-1	7803-7807	Вот.	discourse\_marker	

#Text=Онегин из-за этого расстраивается, думает, блин, ну зря.
139-1	7809-7815	Онегин	full\_name	
139-2	7816-7821	из-за	_	
139-3	7822-7827	этого	_	
139-4	7828-7843	расстраивается,	_	
139-5	7844-7851	думает,	_	
139-6	7852-7857	блин,	discourse\_marker	
139-7	7858-7860	ну	discourse\_marker	
139-8	7861-7865	зря.	*	

#Text=Не надо было мне этого делать, наверное.
140-1	7867-7869	Не	_	
140-2	7870-7874	надо	_	
140-3	7875-7879	было	_	
140-4	7880-7883	мне	_	
140-5	7884-7889	этого	_	
140-6	7890-7897	делать,	_	
140-7	7898-7907	наверное.	_	

#Text=Ольга погрустила буквально месяц и вышла замуж за другого.
141-1	7909-7914	Ольга	full\_name	
141-2	7915-7925	погрустила	_	
141-3	7926-7935	буквально	_	
141-4	7936-7941	месяц	_	
141-5	7942-7943	и	_	
141-6	7944-7949	вышла	_	
141-7	7950-7955	замуж	_	
141-8	7956-7958	за	_	
141-9	7959-7967	другого.	_	

#Text=Онегин уезжает из этой деревни, путешествует.
142-1	7969-7975	Онегин	full\_name	
142-2	7976-7983	уезжает	_	
142-3	7984-7986	из	_	
142-4	7987-7991	этой	_	
142-5	7992-8000	деревни,	_	
142-6	8001-8014	путешествует.	_	

#Text=В это время Татьяна, она...
143-1	8016-8017	В	_	
143-2	8018-8021	это	_	
143-3	8022-8027	время	_	
143-4	8028-8036	Татьяна,	full\_name	
143-5	8037-8043	она...	_	

#Text=У неё там проходят именины, потом...
144-1	8045-8046	У	_	
144-2	8047-8050	неё	_	
144-3	8051-8054	там	discourse\_marker	
144-4	8055-8063	проходят	_	
144-5	8064-8072	именины,	_	
144-6	8073-8081	потом...	_	

#Text=Она даже, как это, прорефлексировала свою любовь к Онегину, стала взрослее, умнее, потому что она ещё к нему сходила в эту усадьбу, почитала те книжки, которые он читает, заметила, что там он себе заметки делал, какие фразы можно вставить, поняла, что вот его какой-то этот образ, он просто себе его сделал, этот образ.
145-1	8084-8087	Она	_	
145-2	8088-8093	даже,	_	
145-3	8094-8097	как	_	
145-4	8098-8102	это,	_	
145-5	8103-8120	прорефлексировала	_	
145-6	8121-8125	свою	_	
145-7	8126-8132	любовь	_	
145-8	8133-8134	к	_	
145-9	8135-8143	Онегину,	full\_name	
145-10	8144-8149	стала	_	
145-11	8150-8159	взрослее,	_	
145-12	8160-8166	умнее,	_	
145-13	8167-8173	потому	_	
145-14	8174-8177	что	_	
145-15	8178-8181	она	_	
145-16	8182-8185	ещё	_	
145-17	8186-8187	к	_	
145-18	8188-8192	нему	_	
145-19	8193-8200	сходила	_	
145-20	8201-8202	в	_	
145-21	8203-8206	эту	_	
145-22	8207-8215	усадьбу,	_	
145-23	8216-8224	почитала	_	
145-24	8225-8227	те	_	
145-25	8228-8235	книжки,	_	
145-26	8236-8243	которые	_	
145-27	8244-8246	он	_	
145-28	8247-8254	читает,	_	
145-29	8255-8264	заметила,	_	
145-30	8265-8268	что	_	
145-31	8269-8272	там	discourse\_marker	
145-32	8273-8275	он	_	
145-33	8276-8280	себе	_	
145-34	8281-8288	заметки	_	
145-35	8289-8295	делал,	_	
145-36	8296-8301	какие	_	
145-37	8302-8307	фразы	_	
145-38	8308-8313	можно	_	
145-39	8314-8323	вставить,	_	
145-40	8324-8331	поняла,	_	
145-41	8332-8335	что	_	
145-42	8336-8339	вот	discourse\_marker	
145-43	8340-8343	его	_	
145-44	8344-8352	какой-то	_	
145-45	8353-8357	этот	_	
145-46	8358-8364	образ,	_	
145-47	8365-8367	он	_	
145-48	8368-8374	просто	_	
145-49	8375-8379	себе	_	
145-50	8380-8383	его	_	
145-51	8384-8391	сделал,	_	
145-52	8392-8396	этот	_	
145-53	8397-8403	образ.	_	

#Text=И в итоге...
146-1	8405-8406	И	_	
146-2	8407-8408	в	_	
146-3	8409-8417	итоге...	_	

#Text=Ну, поняла, что, на самом деле, Онегин не то, чтобы прям, ну, крутой, что вот он, на самом деле, просто реально себе этот образ сделал, и всё.
147-1	8420-8423	Ну,	discourse\_marker	
147-2	8424-8431	поняла,	_	
147-3	8432-8436	что,	_	
147-4	8437-8439	на	_	
147-5	8440-8445	самом	_	
147-6	8446-8451	деле,	_	
147-7	8452-8458	Онегин	full\_name	
147-8	8459-8461	не	_	
147-9	8462-8465	то,	_	
147-10	8466-8471	чтобы	_	
147-11	8472-8477	прям,	_	
147-12	8478-8481	ну,	discourse\_marker	
147-13	8482-8489	крутой,	_	
147-14	8490-8493	что	_	
147-15	8494-8497	вот	discourse\_marker	
147-16	8498-8501	он,	_	
147-17	8502-8504	на	_	
147-18	8505-8510	самом	_	
147-19	8511-8516	деле,	_	
147-20	8517-8523	просто	_	
147-21	8524-8531	реально	_	
147-22	8532-8536	себе	_	
147-23	8537-8541	этот	_	
147-24	8542-8547	образ	_	
147-25	8548-8555	сделал,	_	
147-26	8556-8557	и	_	
147-27	8558-8562	всё.	_	

#Text=Вот, она становится взрослее.
148-1	8564-8568	Вот,	discourse\_marker	
148-2	8569-8572	она	_	
148-3	8573-8583	становится	_	
148-4	8584-8593	взрослее.	_	

#Text=У неё появляется муж. Муж хороший человек, он её уважает.
149-1	8595-8596	У	_	
149-2	8597-8600	неё	_	
149-3	8601-8611	появляется	_	
149-4	8612-8616	муж.	_	
149-5	8617-8620	Муж	_	
149-6	8621-8628	хороший	_	
149-7	8629-8637	человек,	_	
149-8	8638-8640	он	_	
149-9	8641-8643	её	_	
149-10	8644-8652	уважает.	_	

#Text=У них не то, чтобы любовь, но они как бы к друг другу хорошо относятся.
150-1	8654-8655	У	_	
150-2	8656-8659	них	_	
150-3	8660-8662	не	_	
150-4	8663-8666	то,	_	
150-5	8667-8672	чтобы	_	
150-6	8673-8680	любовь,	_	
150-7	8681-8683	но	_	
150-8	8684-8687	они	_	
150-9	8688-8691	как	discourse\_marker[32]	
150-10	8692-8694	бы	discourse\_marker[32]	
150-11	8695-8696	к	_	
150-12	8697-8701	друг	_	
150-13	8702-8707	другу	_	
150-14	8708-8714	хорошо	_	
150-15	8715-8725	относятся.	_	

#Text=Вот.
151-1	8727-8731	Вот.	discourse\_marker	

#Text=И как бы вроде всё супер, класс.
152-1	8733-8734	И	_	
152-2	8735-8738	как	discourse\_marker[33]	
152-3	8739-8741	бы	discourse\_marker[33]	
152-4	8742-8747	вроде	_	
152-5	8748-8751	всё	_	
152-6	8752-8758	супер,	slang	
152-7	8759-8765	класс.	slang	

#Text=И тут, конечно, естественно, надо было приехать Онегину.
153-1	8767-8768	И	_	
153-2	8769-8773	тут,	_	
153-3	8774-8782	конечно,	_	
153-4	8783-8795	естественно,	_	
153-5	8796-8800	надо	_	
153-6	8801-8805	было	_	
153-7	8806-8814	приехать	_	
153-8	8815-8823	Онегину.	full\_name	

#Text=Он приезжает, оказывается, на этом балу, где тоже Татьяна.
154-1	8825-8827	Он	_	
154-2	8828-8838	приезжает,	_	
154-3	8839-8851	оказывается,	_	
154-4	8852-8854	на	_	
154-5	8855-8859	этом	_	
154-6	8860-8865	балу,	_	
154-7	8866-8869	где	_	
154-8	8870-8874	тоже	_	
154-9	8875-8883	Татьяна.	full\_name	

#Text=Вот, видит её, узнаёт, что у неё есть муж.
155-1	8885-8889	Вот,	discourse\_marker	
155-2	8890-8895	видит	_	
155-3	8896-8899	её,	_	
155-4	8900-8907	узнаёт,	_	
155-5	8908-8911	что	_	
155-6	8912-8913	у	_	
155-7	8914-8917	неё	_	
155-8	8918-8922	есть	_	
155-9	8923-8927	муж.	_	

#Text=И тут он воспылал к ней чувствами.
156-1	8930-8931	И	_	
156-2	8932-8935	тут	_	
156-3	8936-8938	он	_	
156-4	8939-8947	воспылал	_	
156-5	8948-8949	к	_	
156-6	8950-8953	ней	_	
156-7	8954-8964	чувствами.	_	

#Text=Понял, что какой я дурак был, чё я ей отказал, она же такая женщина.
157-1	8966-8972	Понял,	_	
157-2	8973-8976	что	_	
157-3	8977-8982	какой	_	
157-4	8983-8984	я	_	
157-5	8985-8990	дурак	slang	
157-6	8991-8995	был,	_	
157-7	8996-8998	чё	slang	
157-8	8999-9000	я	_	
157-9	9001-9003	ей	_	
157-10	9004-9012	отказал,	_	
157-11	9013-9016	она	_	
157-12	9017-9019	же	_	
157-13	9020-9025	такая	_	
157-14	9026-9034	женщина.	_	

#Text=Вот.
158-1	9036-9040	Вот.	discourse\_marker	

#Text=Зачем я ей сказал, что ты для меня больше, как сестра?
159-1	9042-9047	Зачем	_	
159-2	9048-9049	я	_	
159-3	9050-9052	ей	_	
159-4	9053-9060	сказал,	_	
159-5	9061-9064	что	_	
159-6	9065-9067	ты	_	
159-7	9068-9071	для	_	
159-8	9072-9076	меня	_	
159-9	9077-9084	больше,	_	
159-10	9085-9088	как	_	
159-11	9089-9096	сестра?	_	

#Text=Не надо было этого говорить.
160-1	9098-9100	Не	_	
160-2	9101-9105	надо	_	
160-3	9106-9110	было	_	
160-4	9111-9116	этого	_	
160-5	9117-9126	говорить.	_	

#Text=Короче, тоже пишет ей в ответ письмо, где он раскрывает свои чувства.
161-1	9128-9135	Короче,	discourse\_marker	
161-2	9136-9140	тоже	_	
161-3	9141-9146	пишет	_	
161-4	9147-9149	ей	_	
161-5	9150-9151	в	_	
161-6	9152-9157	ответ	_	
161-7	9158-9165	письмо,	_	
161-8	9166-9169	где	_	
161-9	9170-9172	он	_	
161-10	9173-9183	раскрывает	_	
161-11	9184-9188	свои	_	
161-12	9189-9197	чувства.	_	

#Text=То есть у нас получается такая...
162-1	9199-9201	То	_	
162-2	9202-9206	есть	_	
162-3	9207-9208	у	_	
162-4	9209-9212	нас	_	
162-5	9213-9223	получается	_	
162-6	9224-9232	такая...	_	

#Text=Это не кольцевая композиция, а зеркальная.
163-1	9235-9238	Это	_	
163-2	9239-9241	не	_	
163-3	9242-9251	кольцевая	_	
163-4	9252-9263	композиция,	_	
163-5	9264-9265	а	_	
163-6	9266-9277	зеркальная.	_	

#Text=Вот.
164-1	9279-9283	Вот.	discourse\_marker	

#Text=Ну, короче, да, пишет он ей письмо, отдаёт.
165-1	9285-9288	Ну,	discourse\_marker	
165-2	9289-9296	короче,	discourse\_marker	
165-3	9297-9300	да,	_	
165-4	9301-9306	пишет	_	
165-5	9307-9309	он	_	
165-6	9310-9312	ей	_	
165-7	9313-9320	письмо,	_	
165-8	9321-9328	отдаёт.	_	

#Text=У них там происходит как-то рандеву, но не по прихоти Татьяны.
166-1	9330-9331	У	_	
166-2	9332-9335	них	_	
166-3	9336-9339	там	discourse\_marker	
166-4	9340-9350	происходит	_	
166-5	9351-9357	как-то	_	
166-6	9358-9366	рандеву,	slang	
166-7	9367-9369	но	_	
166-8	9370-9372	не	_	
166-9	9373-9375	по	_	
166-10	9376-9383	прихоти	_	
166-11	9384-9392	Татьяны.	_	

#Text=Вот, он падает перед её коленями, такой говорит, вот, я тебя люблю, очень сильно.
167-1	9394-9398	Вот,	discourse\_marker	
167-2	9399-9401	он	_	
167-3	9402-9408	падает	_	
167-4	9409-9414	перед	_	
167-5	9415-9417	её	_	
167-6	9418-9427	коленями,	_	
167-7	9428-9433	такой	syntax	
167-8	9434-9442	говорит,	_	
167-9	9443-9447	вот,	discourse\_marker	
167-10	9448-9449	я	_	
167-11	9450-9454	тебя	_	
167-12	9455-9461	люблю,	_	
167-13	9462-9467	очень	_	
167-14	9468-9475	сильно.	_	

#Text=Татьяна, она ей тоже как бы плохо из-за того, что вот нафиг ты сюда пришёл, у меня всё отлично было, нет, ты припёрся.
168-1	9477-9485	Татьяна,	full\_name	
168-2	9486-9489	она	_	
168-3	9490-9492	ей	_	
168-4	9493-9497	тоже	_	
168-5	9498-9501	как	discourse\_marker[34]	
168-6	9502-9504	бы	discourse\_marker[34]	
168-7	9505-9510	плохо	_	
168-8	9511-9516	из-за	_	
168-9	9517-9522	того,	_	
168-10	9523-9526	что	_	
168-11	9527-9530	вот	discourse\_marker	
168-12	9531-9536	нафиг	slang	
168-13	9537-9539	ты	_	
168-14	9540-9544	сюда	_	
168-15	9545-9552	пришёл,	_	
168-16	9553-9554	у	_	
168-17	9555-9559	меня	_	
168-18	9560-9563	всё	_	
168-19	9564-9571	отлично	_	
168-20	9572-9577	было,	_	
168-21	9578-9582	нет,	_	
168-22	9583-9585	ты	_	
168-23	9586-9595	припёрся.	slang	

#Text=Вот.
169-1	9597-9601	Вот.	discourse\_marker	

#Text=И говорит ему, что извини, но я уже...
170-1	9603-9604	И	_	
170-2	9605-9612	говорит	_	
170-3	9613-9617	ему,	_	
170-4	9618-9621	что	_	
170-5	9622-9629	извини,	_	
170-6	9630-9632	но	_	
170-7	9633-9634	я	_	
170-8	9635-9641	уже...	_	

#Text=Всё, у меня есть муж, я ему вовек буду верна.
171-1	9643-9647	Всё,	_	
171-2	9648-9649	у	_	
171-3	9650-9654	меня	_	
171-4	9655-9659	есть	_	
171-5	9660-9664	муж,	_	
171-6	9665-9666	я	quote[35]	
171-7	9667-9670	ему	quote[35]	
171-8	9671-9676	вовек	quote[35]	
171-9	9677-9681	буду	quote[35]	
171-10	9682-9688	верна.	quote[35]	

#Text=Всё.
172-1	9690-9694	Всё.	_	

#Text=Предложения как бы не принимаются.
173-1	9696-9707	Предложения	_	
173-2	9708-9711	как	discourse\_marker[36]	
173-3	9712-9714	бы	discourse\_marker[36]	
173-4	9715-9717	не	_	
173-5	9718-9730	принимаются.	_	

#Text=Вот.
174-1	9732-9736	Вот.	discourse\_marker	

#Text=Ну и как бы на этом всё заканчивается.
175-1	9738-9740	Ну	discourse\_marker	
175-2	9741-9742	и	_	
175-3	9743-9746	как	discourse\_marker[37]	
175-4	9747-9749	бы	discourse\_marker[37]	
175-5	9750-9752	на	_	
175-6	9753-9757	этом	_	
175-7	9758-9761	всё	_	
175-8	9762-9776	заканчивается.	_	

#Text=Вот.
176-1	9778-9782	Вот.	discourse\_marker	

#Text=Вроде бы всё пересказала.
177-1	9784-9789	Вроде	_	
177-2	9790-9792	бы	_	
177-3	9793-9796	всё	_	
177-4	9797-9809	пересказала.	_	

#Text=Да.
178-1	9811-9814	Да.	_	
